LinkId,srcNodeId,srcIntfId,dstNodeId,dstIntfId,bandwidth,linkCost
0,0,0,1,0,100,999
1,0,0,2,0,100,999
2,0,0,3,0,100,999
3,0,0,4,0,100,999
4,0,0,5,0,100,999
5,0,0,6,0,100,999
6,0,0,7,0,100,999
7,0,0,8,0,100,999
8,0,0,9,0,100,999
9,0,0,10,0,100,999
10,0,0,11,0,100,999
11,0,0,12,0,100,999
12,0,0,13,0,100,999
13,0,0,14,0,100,999
14,0,0,15,0,100,999
15,0,0,16,0,100,999
16,0,0,17,0,100,999
17,0,0,18,0,100,999
18,0,0,19,0,100,999
19,0,0,20,0,100,999
20,1,0,2,0,4,2
21,1,0,21,0,43,2
22,2,0,3,0,47,2
23,2,0,1,0,30,1
24,2,0,22,0,13,3
25,3,0,4,0,19,1
26,3,0,2,0,44,1
27,3,0,23,0,19,3
28,4,0,5,0,23,2
29,4,0,3,0,7,1
30,4,0,24,0,43,2
31,5,0,6,0,34,1
32,5,0,4,0,15,2
33,5,0,25,0,24,2
34,6,0,7,0,49,2
35,6,0,5,0,39,1
36,6,0,26,0,10,3
37,7,0,8,0,45,1
38,7,0,6,0,35,1
39,7,0,27,0,3,3
40,8,0,9,0,4,1
41,8,0,7,0,13,2
42,8,0,28,0,14,3
43,9,0,10,0,22,1
44,9,0,8,0,34,1
45,9,0,29,0,15,2
46,10,0,11,0,39,1
47,10,0,9,0,12,1
48,10,0,30,0,48,2
49,11,0,12,0,8,1
50,11,0,10,0,21,2
51,11,0,31,0,14,2
52,12,0,13,0,47,1
53,12,0,11,0,32,2
54,12,0,32,0,22,2
55,13,0,14,0,13,1
56,13,0,12,0,2,2
57,13,0,33,0,44,3
58,14,0,15,0,16,1
59,14,0,13,0,47,2
60,14,0,34,0,9,2
61,15,0,16,0,13,2
62,15,0,14,0,39,1
63,15,0,35,0,28,3
64,16,0,17,0,49,2
65,16,0,15,0,34,2
66,16,0,36,0,46,3
67,17,0,18,0,15,1
68,17,0,16,0,21,2
69,17,0,37,0,16,2
70,18,0,19,0,20,2
71,18,0,17,0,45,1
72,18,0,38,0,11,3
73,19,0,20,0,21,2
74,19,0,18,0,20,1
75,19,0,39,0,49,2
76,20,0,19,0,49,1
77,20,0,40,0,15,2
78,21,0,22,0,15,1
79,21,0,41,0,9,2
80,21,0,1,0,21,2
81,22,0,23,0,38,1
82,22,0,21,0,31,2
83,22,0,42,0,21,3
84,22,0,2,0,11,2
85,23,0,24,0,15,2
86,23,0,22,0,45,2
87,23,0,43,0,4,3
88,23,0,3,0,40,2
89,24,0,25,0,35,2
90,24,0,23,0,49,1
91,24,0,44,0,29,2
92,24,0,4,0,39,2
93,25,0,26,0,13,1
94,25,0,24,0,11,1
95,25,0,45,0,40,3
96,25,0,5,0,23,2
97,26,0,27,0,30,2
98,26,0,25,0,42,1
99,26,0,46,0,20,2
100,26,0,6,0,24,2
101,27,0,28,0,37,2
102,27,0,26,0,45,2
103,27,0,47,0,33,3
104,27,0,7,0,45,1
105,28,0,29,0,41,2
106,28,0,27,0,42,1
107,28,0,48,0,48,2
108,28,0,8,0,25,1
109,29,0,30,0,39,1
110,29,0,28,0,44,2
111,29,0,49,0,27,2
112,29,0,9,0,46,1
113,30,0,31,0,1,2
114,30,0,29,0,7,1
115,30,0,50,0,9,2
116,30,0,10,0,10,2
117,31,0,32,0,21,2
118,31,0,30,0,28,2
119,31,0,51,0,15,3
120,31,0,11,0,34,2
121,32,0,33,0,36,1
122,32,0,31,0,27,2
123,32,0,52,0,16,2
124,32,0,12,0,16,2
125,33,0,34,0,43,2
126,33,0,32,0,28,1
127,33,0,53,0,12,2
128,33,0,13,0,46,2
129,34,0,35,0,39,1
130,34,0,33,0,17,2
131,34,0,54,0,4,2
132,34,0,14,0,37,1
133,35,0,36,0,43,2
134,35,0,34,0,14,2
135,35,0,55,0,14,2
136,35,0,15,0,35,2
137,36,0,37,0,7,2
138,36,0,35,0,12,2
139,36,0,56,0,25,3
140,36,0,16,0,39,2
141,37,0,38,0,24,1
142,37,0,36,0,43,1
143,37,0,57,0,13,3
144,37,0,17,0,45,1
145,38,0,39,0,10,1
146,38,0,37,0,47,1
147,38,0,58,0,15,2
148,38,0,18,0,37,1
149,39,0,40,0,43,2
150,39,0,38,0,45,2
151,39,0,59,0,46,2
152,39,0,19,0,29,2
153,40,0,39,0,40,2
154,40,0,60,0,38,3
155,40,0,20,0,11,2
156,41,0,42,0,15,2
157,41,0,61,0,37,3
158,41,0,21,0,35,1
159,42,0,43,0,12,1
160,42,0,41,0,43,2
161,42,0,62,0,41,2
162,42,0,22,0,44,2
163,43,0,44,0,32,2
164,43,0,42,0,1,1
165,43,0,63,0,43,2
166,43,0,23,0,9,2
167,44,0,45,0,5,2
168,44,0,43,0,41,1
169,44,0,64,0,49,3
170,44,0,24,0,40,1
171,45,0,46,0,18,2
172,45,0,44,0,36,1
173,45,0,65,0,2,3
174,45,0,25,0,16,2
175,46,0,47,0,20,1
176,46,0,45,0,43,1
177,46,0,66,0,34,3
178,46,0,26,0,15,1
179,47,0,48,0,23,1
180,47,0,46,0,48,1
181,47,0,67,0,4,3
182,47,0,27,0,22,2
183,48,0,49,0,44,1
184,48,0,47,0,49,1
185,48,0,68,0,1,2
186,48,0,28,0,24,1
187,49,0,50,0,27,1
188,49,0,48,0,19,2
189,49,0,69,0,28,2
190,49,0,29,0,33,2
191,50,0,51,0,43,2
192,50,0,49,0,37,2
193,50,0,70,0,24,3
194,50,0,30,0,33,1
195,51,0,52,0,45,1
196,51,0,50,0,5,1
197,51,0,71,0,22,2
198,51,0,31,0,28,1
199,52,0,53,0,42,2
200,52,0,51,0,47,1
201,52,0,72,0,16,2
202,52,0,32,0,4,1
203,53,0,54,0,2,2
204,53,0,52,0,8,2
205,53,0,73,0,9,3
206,53,0,33,0,44,1
207,54,0,55,0,17,2
208,54,0,53,0,7,2
209,54,0,74,0,10,3
210,54,0,34,0,16,2
211,55,0,56,0,18,1
212,55,0,54,0,41,1
213,55,0,75,0,5,2
214,55,0,35,0,13,1
215,56,0,57,0,7,2
216,56,0,55,0,31,1
217,56,0,76,0,31,2
218,56,0,36,0,3,1
219,57,0,58,0,42,1
220,57,0,56,0,49,1
221,57,0,77,0,11,2
222,57,0,37,0,14,1
223,58,0,59,0,2,1
224,58,0,57,0,32,2
225,58,0,78,0,44,2
226,58,0,38,0,1,1
227,59,0,60,0,12,2
228,59,0,58,0,25,2
229,59,0,79,0,1,3
230,59,0,39,0,20,2
231,60,0,59,0,2,1
232,60,0,80,0,37,2
233,60,0,40,0,20,2
234,61,0,62,0,21,2
235,61,0,81,0,1,2
236,61,0,41,0,26,1
237,62,0,63,0,45,1
238,62,0,61,0,13,2
239,62,0,82,0,41,2
240,62,0,42,0,22,1
241,63,0,64,0,39,2
242,63,0,62,0,40,1
243,63,0,83,0,44,2
244,63,0,43,0,39,2
245,64,0,65,0,39,1
246,64,0,63,0,40,1
247,64,0,84,0,43,3
248,64,0,44,0,3,2
249,65,0,66,0,23,2
250,65,0,64,0,6,1
251,65,0,85,0,11,2
252,65,0,45,0,1,2
253,66,0,67,0,43,2
254,66,0,65,0,40,2
255,66,0,86,0,34,2
256,66,0,46,0,44,2
257,67,0,68,0,31,2
258,67,0,66,0,12,2
259,67,0,87,0,42,2
260,67,0,47,0,7,2
261,68,0,69,0,45,1
262,68,0,67,0,11,2
263,68,0,88,0,43,3
264,68,0,48,0,30,2
265,69,0,70,0,1,1
266,69,0,68,0,42,1
267,69,0,89,0,37,3
268,69,0,49,0,28,1
269,70,0,71,0,36,1
270,70,0,69,0,46,2
271,70,0,90,0,13,2
272,70,0,50,0,32,2
273,71,0,72,0,7,1
274,71,0,70,0,35,2
275,71,0,91,0,16,3
276,71,0,51,0,28,2
277,72,0,73,0,49,1
278,72,0,71,0,21,2
279,72,0,92,0,33,3
280,72,0,52,0,18,2
281,73,0,74,0,42,1
282,73,0,72,0,8,1
283,73,0,93,0,20,3
284,73,0,53,0,23,2
285,74,0,75,0,14,1
286,74,0,73,0,32,1
287,74,0,94,0,45,2
288,74,0,54,0,39,1
289,75,0,76,0,46,2
290,75,0,74,0,9,1
291,75,0,95,0,42,2
292,75,0,55,0,42,1
293,76,0,77,0,25,1
294,76,0,75,0,42,1
295,76,0,96,0,29,3
296,76,0,56,0,10,2
297,77,0,78,0,35,1
298,77,0,76,0,29,2
299,77,0,97,0,49,3
300,77,0,57,0,46,1
301,78,0,79,0,32,1
302,78,0,77,0,43,2
303,78,0,98,0,38,3
304,78,0,58,0,20,1
305,79,0,80,0,29,2
306,79,0,78,0,46,1
307,79,0,99,0,21,2
308,79,0,59,0,33,2
309,80,0,79,0,32,2
310,80,0,100,0,5,3
311,80,0,60,0,32,2
312,81,0,82,0,40,2
313,81,0,101,0,49,3
314,81,0,61,0,15,2
315,82,0,83,0,44,2
316,82,0,81,0,2,1
317,82,0,102,0,41,2
318,82,0,62,0,46,1
319,83,0,84,0,9,2
320,83,0,82,0,11,1
321,83,0,103,0,44,2
322,83,0,63,0,45,1
323,84,0,85,0,25,1
324,84,0,83,0,12,1
325,84,0,104,0,20,3
326,84,0,64,0,3,1
327,85,0,86,0,23,2
328,85,0,84,0,13,1
329,85,0,105,0,38,2
330,85,0,65,0,37,1
331,86,0,87,0,43,1
332,86,0,85,0,42,2
333,86,0,106,0,21,2
334,86,0,66,0,4,1
335,87,0,88,0,18,2
336,87,0,86,0,35,1
337,87,0,107,0,21,3
338,87,0,67,0,45,2
339,88,0,89,0,33,2
340,88,0,87,0,6,2
341,88,0,108,0,48,3
342,88,0,68,0,2,1
343,89,0,90,0,31,1
344,89,0,88,0,23,2
345,89,0,109,0,45,2
346,89,0,69,0,41,2
347,90,0,91,0,10,1
348,90,0,89,0,45,1
349,90,0,110,0,34,2
350,90,0,70,0,14,2
351,91,0,92,0,18,1
352,91,0,90,0,14,2
353,91,0,111,0,23,3
354,91,0,71,0,19,2
355,92,0,93,0,13,2
356,92,0,91,0,9,1
357,92,0,112,0,23,2
358,92,0,72,0,10,2
359,93,0,94,0,7,2
360,93,0,92,0,8,1
361,93,0,113,0,28,3
362,93,0,73,0,49,2
363,94,0,95,0,1,1
364,94,0,93,0,41,2
365,94,0,114,0,36,2
366,94,0,74,0,18,2
367,95,0,96,0,7,2
368,95,0,94,0,35,2
369,95,0,115,0,47,3
370,95,0,75,0,13,2
371,96,0,97,0,17,2
372,96,0,95,0,3,2
373,96,0,116,0,32,3
374,96,0,76,0,18,1
375,97,0,98,0,13,1
376,97,0,96,0,46,2
377,97,0,117,0,39,3
378,97,0,77,0,45,1
379,98,0,99,0,46,1
380,98,0,97,0,16,2
381,98,0,118,0,2,3
382,98,0,78,0,15,2
383,99,0,100,0,2,2
384,99,0,98,0,49,1
385,99,0,119,0,41,2
386,99,0,79,0,6,2
387,100,0,99,0,49,2
388,100,0,120,0,28,3
389,100,0,80,0,9,2
390,101,0,102,0,42,1
391,101,0,121,0,29,3
392,101,0,81,0,30,1
393,102,0,103,0,29,1
394,102,0,101,0,8,2
395,102,0,122,0,41,2
396,102,0,82,0,12,2
397,103,0,104,0,14,1
398,103,0,102,0,44,1
399,103,0,123,0,21,3
400,103,0,83,0,12,1
401,104,0,105,0,32,1
402,104,0,103,0,26,2
403,104,0,124,0,36,3
404,104,0,84,0,26,1
405,105,0,106,0,46,2
406,105,0,104,0,40,1
407,105,0,125,0,11,3
408,105,0,85,0,45,1
409,106,0,107,0,1,2
410,106,0,105,0,13,2
411,106,0,126,0,49,3
412,106,0,86,0,9,1
413,107,0,108,0,9,1
414,107,0,106,0,21,1
415,107,0,127,0,27,3
416,107,0,87,0,47,1
417,108,0,109,0,18,2
418,108,0,107,0,38,1
419,108,0,128,0,10,2
420,108,0,88,0,43,1
421,109,0,110,0,31,1
422,109,0,108,0,26,2
423,109,0,129,0,21,2
424,109,0,89,0,13,2
425,110,0,111,0,32,2
426,110,0,109,0,47,2
427,110,0,130,0,23,2
428,110,0,90,0,1,2
429,111,0,112,0,48,1
430,111,0,110,0,45,1
431,111,0,131,0,42,3
432,111,0,91,0,26,2
433,112,0,113,0,19,1
434,112,0,111,0,35,2
435,112,0,132,0,11,2
436,112,0,92,0,46,2
437,113,0,114,0,39,2
438,113,0,112,0,14,1
439,113,0,133,0,16,3
440,113,0,93,0,46,2
441,114,0,115,0,16,1
442,114,0,113,0,36,2
443,114,0,134,0,33,2
444,114,0,94,0,42,1
445,115,0,116,0,35,2
446,115,0,114,0,20,1
447,115,0,135,0,10,2
448,115,0,95,0,46,1
449,116,0,117,0,44,1
450,116,0,115,0,44,2
451,116,0,136,0,49,2
452,116,0,96,0,47,2
453,117,0,118,0,37,1
454,117,0,116,0,12,1
455,117,0,137,0,49,3
456,117,0,97,0,20,1
457,118,0,119,0,49,2
458,118,0,117,0,30,2
459,118,0,138,0,10,3
460,118,0,98,0,14,1
461,119,0,120,0,6,2
462,119,0,118,0,22,1
463,119,0,139,0,33,2
464,119,0,99,0,40,2
465,120,0,119,0,24,2
466,120,0,140,0,1,3
467,120,0,100,0,27,1
468,121,0,122,0,44,1
469,121,0,141,0,6,3
470,121,0,101,0,31,1
471,122,0,123,0,35,2
472,122,0,121,0,47,2
473,122,0,142,0,2,2
474,122,0,102,0,5,1
475,123,0,124,0,45,2
476,123,0,122,0,34,1
477,123,0,143,0,30,2
478,123,0,103,0,4,1
479,124,0,125,0,19,1
480,124,0,123,0,30,1
481,124,0,144,0,42,2
482,124,0,104,0,25,1
483,125,0,126,0,23,2
484,125,0,124,0,26,1
485,125,0,145,0,21,2
486,125,0,105,0,13,1
487,126,0,127,0,26,1
488,126,0,125,0,30,2
489,126,0,146,0,28,3
490,126,0,106,0,26,1
491,127,0,128,0,18,1
492,127,0,126,0,3,2
493,127,0,147,0,25,2
494,127,0,107,0,39,2
495,128,0,129,0,37,1
496,128,0,127,0,5,2
497,128,0,148,0,49,3
498,128,0,108,0,24,1
499,129,0,130,0,43,2
500,129,0,128,0,36,1
501,129,0,149,0,45,3
502,129,0,109,0,10,1
503,130,0,131,0,1,2
504,130,0,129,0,5,1
505,130,0,150,0,10,3
506,130,0,110,0,27,1
507,131,0,132,0,17,2
508,131,0,130,0,37,1
509,131,0,151,0,26,3
510,131,0,111,0,48,1
511,132,0,133,0,38,1
512,132,0,131,0,8,1
513,132,0,152,0,20,2
514,132,0,112,0,41,1
515,133,0,134,0,33,1
516,133,0,132,0,49,2
517,133,0,153,0,36,3
518,133,0,113,0,35,1
519,134,0,135,0,17,2
520,134,0,133,0,19,2
521,134,0,154,0,1,3
522,134,0,114,0,44,2
523,135,0,136,0,34,1
524,135,0,134,0,42,2
525,135,0,155,0,30,2
526,135,0,115,0,18,2
527,136,0,137,0,41,1
528,136,0,135,0,34,2
529,136,0,156,0,36,3
530,136,0,116,0,32,1
531,137,0,138,0,48,2
532,137,0,136,0,13,1
533,137,0,157,0,15,3
534,137,0,117,0,26,1
535,138,0,139,0,25,1
536,138,0,137,0,10,1
537,138,0,158,0,34,3
538,138,0,118,0,22,2
539,139,0,140,0,25,1
540,139,0,138,0,23,1
541,139,0,159,0,41,3
542,139,0,119,0,49,2
543,140,0,139,0,23,1
544,140,0,160,0,46,3
545,140,0,120,0,29,2
546,141,0,142,0,42,2
547,141,0,161,0,44,3
548,141,0,121,0,48,2
549,142,0,143,0,48,2
550,142,0,141,0,12,1
551,142,0,162,0,45,2
552,142,0,122,0,43,1
553,143,0,144,0,48,2
554,143,0,142,0,21,2
555,143,0,163,0,19,3
556,143,0,123,0,20,2
557,144,0,145,0,37,2
558,144,0,143,0,11,1
559,144,0,164,0,31,2
560,144,0,124,0,45,1
561,145,0,146,0,26,1
562,145,0,144,0,8,1
563,145,0,165,0,20,2
564,145,0,125,0,18,2
565,146,0,147,0,43,2
566,146,0,145,0,2,2
567,146,0,166,0,9,2
568,146,0,126,0,26,1
569,147,0,148,0,20,2
570,147,0,146,0,49,1
571,147,0,167,0,2,2
572,147,0,127,0,11,2
573,148,0,149,0,40,2
574,148,0,147,0,3,1
575,148,0,168,0,5,2
576,148,0,128,0,9,1
577,149,0,150,0,25,2
578,149,0,148,0,5,2
579,149,0,169,0,36,3
580,149,0,129,0,2,2
581,150,0,151,0,48,2
582,150,0,149,0,34,2
583,150,0,170,0,5,3
584,150,0,130,0,20,2
585,151,0,152,0,8,2
586,151,0,150,0,48,2
587,151,0,171,0,11,2
588,151,0,131,0,13,1
589,152,0,153,0,11,1
590,152,0,151,0,38,1
591,152,0,172,0,4,2
592,152,0,132,0,39,1
593,153,0,154,0,17,1
594,153,0,152,0,25,1
595,153,0,173,0,32,2
596,153,0,133,0,34,1
597,154,0,155,0,32,2
598,154,0,153,0,32,2
599,154,0,174,0,2,2
600,154,0,134,0,23,1
601,155,0,156,0,19,1
602,155,0,154,0,42,2
603,155,0,175,0,36,3
604,155,0,135,0,6,2
605,156,0,157,0,41,1
606,156,0,155,0,35,2
607,156,0,176,0,6,2
608,156,0,136,0,28,2
609,157,0,158,0,26,2
610,157,0,156,0,8,1
611,157,0,177,0,16,2
612,157,0,137,0,14,1
613,158,0,159,0,5,1
614,158,0,157,0,34,2
615,158,0,178,0,15,3
616,158,0,138,0,13,2
617,159,0,160,0,26,1
618,159,0,158,0,7,1
619,159,0,179,0,41,2
620,159,0,139,0,21,2
621,160,0,159,0,23,1
622,160,0,180,0,21,2
623,160,0,140,0,16,1
624,161,0,162,0,30,1
625,161,0,181,0,19,2
626,161,0,141,0,30,1
627,162,0,163,0,11,2
628,162,0,161,0,13,1
629,162,0,182,0,20,2
630,162,0,142,0,22,1
631,163,0,164,0,7,2
632,163,0,162,0,5,1
633,163,0,183,0,4,3
634,163,0,143,0,39,1
635,164,0,165,0,39,2
636,164,0,163,0,28,1
637,164,0,184,0,21,3
638,164,0,144,0,45,2
639,165,0,166,0,37,1
640,165,0,164,0,48,2
641,165,0,185,0,15,2
642,165,0,145,0,21,2
643,166,0,167,0,21,2
644,166,0,165,0,5,2
645,166,0,186,0,26,2
646,166,0,146,0,22,2
647,167,0,168,0,29,1
648,167,0,166,0,15,1
649,167,0,187,0,22,3
650,167,0,147,0,1,1
651,168,0,169,0,38,2
652,168,0,167,0,5,1
653,168,0,188,0,11,3
654,168,0,148,0,13,2
655,169,0,170,0,3,2
656,169,0,168,0,35,1
657,169,0,189,0,17,2
658,169,0,149,0,26,1
659,170,0,171,0,47,1
660,170,0,169,0,9,2
661,170,0,190,0,36,3
662,170,0,150,0,15,1
663,171,0,172,0,42,1
664,171,0,170,0,45,1
665,171,0,191,0,15,2
666,171,0,151,0,17,1
667,172,0,173,0,46,1
668,172,0,171,0,46,1
669,172,0,192,0,29,2
670,172,0,152,0,26,1
671,173,0,174,0,19,1
672,173,0,172,0,3,2
673,173,0,193,0,3,2
674,173,0,153,0,39,2
675,174,0,175,0,31,1
676,174,0,173,0,36,2
677,174,0,194,0,14,3
678,174,0,154,0,11,1
679,175,0,176,0,41,1
680,175,0,174,0,27,1
681,175,0,195,0,42,3
682,175,0,155,0,39,2
683,176,0,177,0,35,2
684,176,0,175,0,12,2
685,176,0,196,0,34,2
686,176,0,156,0,33,1
687,177,0,178,0,28,2
688,177,0,176,0,49,2
689,177,0,197,0,25,2
690,177,0,157,0,3,2
691,178,0,179,0,49,1
692,178,0,177,0,13,1
693,178,0,198,0,11,2
694,178,0,158,0,31,1
695,179,0,180,0,45,2
696,179,0,178,0,23,1
697,179,0,199,0,31,2
698,179,0,159,0,24,2
699,180,0,179,0,27,2
700,180,0,200,0,12,3
701,180,0,160,0,38,2
702,181,0,182,0,5,1
703,181,0,201,0,25,3
704,181,0,161,0,46,1
705,182,0,183,0,33,2
706,182,0,181,0,8,2
707,182,0,202,0,25,3
708,182,0,162,0,49,1
709,183,0,184,0,28,1
710,183,0,182,0,8,1
711,183,0,203,0,47,3
712,183,0,163,0,48,2
713,184,0,185,0,20,1
714,184,0,183,0,20,1
715,184,0,204,0,28,3
716,184,0,164,0,17,2
717,185,0,186,0,34,1
718,185,0,184,0,1,2
719,185,0,205,0,44,3
720,185,0,165,0,35,2
721,186,0,187,0,46,2
722,186,0,185,0,22,2
723,186,0,206,0,4,2
724,186,0,166,0,36,1
725,187,0,188,0,30,2
726,187,0,186,0,45,2
727,187,0,207,0,31,3
728,187,0,167,0,49,1
729,188,0,189,0,18,1
730,188,0,187,0,16,1
731,188,0,208,0,42,2
732,188,0,168,0,37,1
733,189,0,190,0,8,1
734,189,0,188,0,23,1
735,189,0,209,0,2,2
736,189,0,169,0,41,2
737,190,0,191,0,45,2
738,190,0,189,0,13,2
739,190,0,210,0,36,3
740,190,0,170,0,43,1
741,191,0,192,0,35,2
742,191,0,190,0,41,1
743,191,0,211,0,47,3
744,191,0,171,0,2,1
745,192,0,193,0,29,1
746,192,0,191,0,11,1
747,192,0,212,0,33,3
748,192,0,172,0,46,1
749,193,0,194,0,40,1
750,193,0,192,0,13,1
751,193,0,213,0,3,3
752,193,0,173,0,1,2
753,194,0,195,0,27,2
754,194,0,193,0,1,2
755,194,0,214,0,31,2
756,194,0,174,0,38,1
757,195,0,196,0,47,2
758,195,0,194,0,23,2
759,195,0,215,0,3,3
760,195,0,175,0,6,2
761,196,0,197,0,37,2
762,196,0,195,0,33,1
763,196,0,216,0,6,2
764,196,0,176,0,36,2
765,197,0,198,0,39,1
766,197,0,196,0,20,1
767,197,0,217,0,17,3
768,197,0,177,0,40,2
769,198,0,199,0,22,2
770,198,0,197,0,10,1
771,198,0,218,0,14,2
772,198,0,178,0,12,1
773,199,0,200,0,24,2
774,199,0,198,0,45,2
775,199,0,219,0,10,2
776,199,0,179,0,19,1
777,200,0,199,0,49,1
778,200,0,220,0,34,3
779,200,0,180,0,46,2
780,201,0,202,0,18,2
781,201,0,221,0,27,2
782,201,0,181,0,33,2
783,202,0,203,0,7,1
784,202,0,201,0,35,2
785,202,0,222,0,19,2
786,202,0,182,0,41,2
787,203,0,204,0,48,2
788,203,0,202,0,16,1
789,203,0,223,0,37,3
790,203,0,183,0,2,1
791,204,0,205,0,5,1
792,204,0,203,0,23,2
793,204,0,224,0,10,3
794,204,0,184,0,36,1
795,205,0,206,0,34,2
796,205,0,204,0,49,2
797,205,0,225,0,35,3
798,205,0,185,0,17,1
799,206,0,207,0,26,1
800,206,0,205,0,15,1
801,206,0,226,0,9,2
802,206,0,186,0,7,1
803,207,0,208,0,28,2
804,207,0,206,0,22,2
805,207,0,227,0,11,2
806,207,0,187,0,44,1
807,208,0,209,0,22,1
808,208,0,207,0,27,2
809,208,0,228,0,18,2
810,208,0,188,0,48,2
811,209,0,210,0,49,1
812,209,0,208,0,18,2
813,209,0,229,0,24,3
814,209,0,189,0,22,1
815,210,0,211,0,25,1
816,210,0,209,0,41,1
817,210,0,230,0,35,2
818,210,0,190,0,18,2
819,211,0,212,0,20,1
820,211,0,210,0,31,1
821,211,0,231,0,8,3
822,211,0,191,0,23,1
823,212,0,213,0,35,2
824,212,0,211,0,16,1
825,212,0,232,0,17,2
826,212,0,192,0,40,2
827,213,0,214,0,12,2
828,213,0,212,0,33,2
829,213,0,233,0,3,2
830,213,0,193,0,46,2
831,214,0,215,0,23,2
832,214,0,213,0,42,2
833,214,0,234,0,14,3
834,214,0,194,0,48,2
835,215,0,216,0,28,1
836,215,0,214,0,4,2
837,215,0,235,0,44,2
838,215,0,195,0,32,2
839,216,0,217,0,7,1
840,216,0,215,0,25,2
841,216,0,236,0,38,2
842,216,0,196,0,31,2
843,217,0,218,0,18,2
844,217,0,216,0,40,1
845,217,0,237,0,22,3
846,217,0,197,0,18,1
847,218,0,219,0,43,1
848,218,0,217,0,16,1
849,218,0,238,0,8,3
850,218,0,198,0,5,2
851,219,0,220,0,19,1
852,219,0,218,0,46,2
853,219,0,239,0,3,2
854,219,0,199,0,19,1
855,220,0,219,0,3,1
856,220,0,240,0,17,2
857,220,0,200,0,12,2
858,221,0,222,0,44,1
859,221,0,241,0,47,2
860,221,0,201,0,38,2
861,222,0,223,0,19,1
862,222,0,221,0,37,1
863,222,0,242,0,3,3
864,222,0,202,0,37,2
865,223,0,224,0,19,2
866,223,0,222,0,1,2
867,223,0,243,0,4,3
868,223,0,203,0,23,2
869,224,0,225,0,18,2
870,224,0,223,0,10,1
871,224,0,244,0,22,2
872,224,0,204,0,23,2
873,225,0,226,0,39,2
874,225,0,224,0,14,2
875,225,0,245,0,30,3
876,225,0,205,0,14,2
877,226,0,227,0,33,2
878,226,0,225,0,26,1
879,226,0,246,0,27,3
880,226,0,206,0,36,2
881,227,0,228,0,43,1
882,227,0,226,0,13,2
883,227,0,247,0,38,2
884,227,0,207,0,8,2
885,228,0,229,0,16,1
886,228,0,227,0,40,1
887,228,0,248,0,32,2
888,228,0,208,0,6,2
889,229,0,230,0,27,1
890,229,0,228,0,18,2
891,229,0,249,0,28,3
892,229,0,209,0,41,1
893,230,0,231,0,32,1
894,230,0,229,0,48,1
895,230,0,250,0,16,3
896,230,0,210,0,34,1
897,231,0,232,0,35,2
898,231,0,230,0,29,1
899,231,0,251,0,36,3
900,231,0,211,0,23,1
901,232,0,233,0,25,1
902,232,0,231,0,11,1
903,232,0,252,0,23,3
904,232,0,212,0,20,1
905,233,0,234,0,34,1
906,233,0,232,0,12,2
907,233,0,253,0,25,3
908,233,0,213,0,38,2
909,234,0,235,0,46,1
910,234,0,233,0,41,2
911,234,0,254,0,28,3
912,234,0,214,0,40,2
913,235,0,236,0,36,2
914,235,0,234,0,22,2
915,235,0,255,0,41,2
916,235,0,215,0,25,2
917,236,0,237,0,43,1
918,236,0,235,0,41,2
919,236,0,256,0,23,3
920,236,0,216,0,47,2
921,237,0,238,0,32,2
922,237,0,236,0,31,2
923,237,0,257,0,31,2
924,237,0,217,0,35,1
925,238,0,239,0,23,1
926,238,0,237,0,1,1
927,238,0,258,0,27,2
928,238,0,218,0,20,1
929,239,0,240,0,16,1
930,239,0,238,0,32,2
931,239,0,259,0,14,3
932,239,0,219,0,6,1
933,240,0,239,0,19,2
934,240,0,260,0,44,2
935,240,0,220,0,20,2
936,241,0,242,0,38,2
937,241,0,261,0,26,3
938,241,0,221,0,6,1
939,242,0,243,0,7,2
940,242,0,241,0,15,1
941,242,0,262,0,35,2
942,242,0,222,0,40,1
943,243,0,244,0,39,2
944,243,0,242,0,11,2
945,243,0,263,0,24,3
946,243,0,223,0,12,1
947,244,0,245,0,26,2
948,244,0,243,0,8,2
949,244,0,264,0,44,3
950,244,0,224,0,13,2
951,245,0,246,0,9,1
952,245,0,244,0,19,2
953,245,0,265,0,40,2
954,245,0,225,0,37,1
955,246,0,247,0,31,1
956,246,0,245,0,3,2
957,246,0,266,0,11,2
958,246,0,226,0,8,1
959,247,0,248,0,25,1
960,247,0,246,0,17,2
961,247,0,267,0,8,2
962,247,0,227,0,30,2
963,248,0,249,0,32,2
964,248,0,247,0,8,1
965,248,0,268,0,16,3
966,248,0,228,0,18,1
967,249,0,250,0,35,2
968,249,0,248,0,7,2
969,249,0,269,0,15,2
970,249,0,229,0,32,2
971,250,0,251,0,7,2
972,250,0,249,0,31,2
973,250,0,270,0,16,2
974,250,0,230,0,11,1
975,251,0,252,0,10,1
976,251,0,250,0,6,1
977,251,0,271,0,41,3
978,251,0,231,0,46,1
979,252,0,253,0,30,2
980,252,0,251,0,47,1
981,252,0,272,0,47,2
982,252,0,232,0,16,1
983,253,0,254,0,15,2
984,253,0,252,0,45,2
985,253,0,273,0,16,2
986,253,0,233,0,8,1
987,254,0,255,0,5,2
988,254,0,253,0,6,1
989,254,0,274,0,12,2
990,254,0,234,0,13,1
991,255,0,256,0,29,2
992,255,0,254,0,18,1
993,255,0,275,0,13,3
994,255,0,235,0,39,2
995,256,0,257,0,9,2
996,256,0,255,0,43,2
997,256,0,276,0,9,3
998,256,0,236,0,26,1
999,257,0,258,0,9,1
1000,257,0,256,0,44,1
1001,257,0,277,0,9,3
1002,257,0,237,0,6,2
1003,258,0,259,0,39,1
1004,258,0,257,0,42,2
1005,258,0,278,0,8,3
1006,258,0,238,0,33,1
1007,259,0,260,0,42,2
1008,259,0,258,0,45,1
1009,259,0,279,0,33,3
1010,259,0,239,0,6,2
1011,260,0,259,0,37,1
1012,260,0,280,0,47,2
1013,260,0,240,0,11,1
1014,261,0,262,0,13,2
1015,261,0,281,0,13,2
1016,261,0,241,0,35,2
1017,262,0,263,0,37,1
1018,262,0,261,0,15,1
1019,262,0,282,0,43,3
1020,262,0,242,0,14,2
1021,263,0,264,0,47,1
1022,263,0,262,0,17,2
1023,263,0,283,0,46,2
1024,263,0,243,0,16,1
1025,264,0,265,0,45,1
1026,264,0,263,0,13,1
1027,264,0,284,0,35,3
1028,264,0,244,0,28,1
1029,265,0,266,0,21,2
1030,265,0,264,0,33,2
1031,265,0,285,0,10,2
1032,265,0,245,0,41,1
1033,266,0,267,0,28,2
1034,266,0,265,0,12,2
1035,266,0,286,0,11,2
1036,266,0,246,0,7,1
1037,267,0,268,0,37,1
1038,267,0,266,0,13,1
1039,267,0,287,0,11,3
1040,267,0,247,0,42,2
1041,268,0,269,0,10,2
1042,268,0,267,0,21,1
1043,268,0,288,0,39,3
1044,268,0,248,0,10,1
1045,269,0,270,0,27,2
1046,269,0,268,0,49,2
1047,269,0,289,0,33,2
1048,269,0,249,0,8,1
1049,270,0,271,0,46,2
1050,270,0,269,0,11,2
1051,270,0,290,0,6,3
1052,270,0,250,0,42,2
1053,271,0,272,0,3,1
1054,271,0,270,0,16,1
1055,271,0,291,0,27,2
1056,271,0,251,0,36,1
1057,272,0,273,0,39,2
1058,272,0,271,0,16,1
1059,272,0,292,0,40,2
1060,272,0,252,0,20,2
1061,273,0,274,0,18,1
1062,273,0,272,0,2,1
1063,273,0,293,0,43,2
1064,273,0,253,0,43,2
1065,274,0,275,0,18,1
1066,274,0,273,0,31,1
1067,274,0,294,0,26,3
1068,274,0,254,0,14,1
1069,275,0,276,0,47,2
1070,275,0,274,0,19,1
1071,275,0,295,0,13,2
1072,275,0,255,0,32,1
1073,276,0,277,0,6,2
1074,276,0,275,0,3,2
1075,276,0,296,0,38,3
1076,276,0,256,0,14,2
1077,277,0,278,0,31,2
1078,277,0,276,0,42,1
1079,277,0,297,0,19,2
1080,277,0,257,0,29,2
1081,278,0,279,0,14,1
1082,278,0,277,0,16,1
1083,278,0,298,0,32,3
1084,278,0,258,0,29,1
1085,279,0,280,0,32,2
1086,279,0,278,0,31,2
1087,279,0,299,0,31,2
1088,279,0,259,0,24,2
1089,280,0,279,0,7,1
1090,280,0,300,0,15,3
1091,280,0,260,0,43,2
1092,281,0,282,0,44,1
1093,281,0,301,0,9,3
1094,281,0,261,0,32,2
1095,282,0,283,0,8,1
1096,282,0,281,0,33,2
1097,282,0,302,0,49,2
1098,282,0,262,0,29,2
1099,283,0,284,0,44,2
1100,283,0,282,0,22,2
1101,283,0,303,0,8,2
1102,283,0,263,0,8,1
1103,284,0,285,0,27,1
1104,284,0,283,0,13,2
1105,284,0,304,0,38,2
1106,284,0,264,0,30,2
1107,285,0,286,0,10,2
1108,285,0,284,0,5,1
1109,285,0,305,0,12,3
1110,285,0,265,0,5,2
1111,286,0,287,0,38,1
1112,286,0,285,0,44,1
1113,286,0,306,0,42,2
1114,286,0,266,0,47,1
1115,287,0,288,0,43,1
1116,287,0,286,0,21,2
1117,287,0,307,0,18,3
1118,287,0,267,0,41,1
1119,288,0,289,0,23,2
1120,288,0,287,0,22,2
1121,288,0,308,0,43,3
1122,288,0,268,0,8,2
1123,289,0,290,0,14,1
1124,289,0,288,0,32,1
1125,289,0,309,0,10,3
1126,289,0,269,0,38,2
1127,290,0,291,0,1,1
1128,290,0,289,0,14,2
1129,290,0,310,0,34,2
1130,290,0,270,0,33,1
1131,291,0,292,0,42,2
1132,291,0,290,0,37,1
1133,291,0,311,0,16,2
1134,291,0,271,0,15,2
1135,292,0,293,0,25,1
1136,292,0,291,0,20,1
1137,292,0,312,0,11,2
1138,292,0,272,0,28,2
1139,293,0,294,0,9,1
1140,293,0,292,0,21,2
1141,293,0,313,0,17,3
1142,293,0,273,0,37,1
1143,294,0,295,0,34,2
1144,294,0,293,0,11,1
1145,294,0,314,0,27,2
1146,294,0,274,0,4,2
1147,295,0,296,0,10,1
1148,295,0,294,0,6,1
1149,295,0,315,0,31,2
1150,295,0,275,0,20,2
1151,296,0,297,0,43,1
1152,296,0,295,0,8,1
1153,296,0,316,0,41,2
1154,296,0,276,0,5,2
1155,297,0,298,0,30,2
1156,297,0,296,0,1,1
1157,297,0,317,0,2,3
1158,297,0,277,0,35,2
1159,298,0,299,0,30,1
1160,298,0,297,0,42,1
1161,298,0,318,0,28,2
1162,298,0,278,0,22,1
1163,299,0,300,0,18,2
1164,299,0,298,0,49,1
1165,299,0,319,0,13,2
1166,299,0,279,0,32,2
1167,300,0,299,0,26,2
1168,300,0,320,0,16,2
1169,300,0,280,0,27,1
1170,301,0,302,0,2,1
1171,301,0,321,0,25,3
1172,301,0,281,0,28,1
1173,302,0,303,0,8,1
1174,302,0,301,0,3,1
1175,302,0,322,0,43,2
1176,302,0,282,0,30,2
1177,303,0,304,0,12,1
1178,303,0,302,0,47,1
1179,303,0,323,0,46,2
1180,303,0,283,0,45,2
1181,304,0,305,0,32,2
1182,304,0,303,0,10,2
1183,304,0,324,0,6,3
1184,304,0,284,0,21,1
1185,305,0,306,0,41,2
1186,305,0,304,0,15,1
1187,305,0,325,0,34,3
1188,305,0,285,0,37,1
1189,306,0,307,0,33,1
1190,306,0,305,0,20,1
1191,306,0,326,0,21,3
1192,306,0,286,0,11,1
1193,307,0,308,0,39,1
1194,307,0,306,0,1,1
1195,307,0,327,0,49,2
1196,307,0,287,0,13,1
1197,308,0,309,0,38,1
1198,308,0,307,0,41,1
1199,308,0,328,0,6,3
1200,308,0,288,0,17,1
1201,309,0,310,0,44,2
1202,309,0,308,0,20,1
1203,309,0,329,0,44,2
1204,309,0,289,0,5,1
1205,310,0,311,0,25,1
1206,310,0,309,0,14,1
1207,310,0,330,0,43,2
1208,310,0,290,0,32,2
1209,311,0,312,0,46,2
1210,311,0,310,0,38,1
1211,311,0,331,0,33,2
1212,311,0,291,0,8,2
1213,312,0,313,0,37,1
1214,312,0,311,0,15,2
1215,312,0,332,0,10,3
1216,312,0,292,0,3,2
1217,313,0,314,0,45,2
1218,313,0,312,0,27,2
1219,313,0,333,0,44,3
1220,313,0,293,0,30,1
1221,314,0,315,0,35,1
1222,314,0,313,0,6,2
1223,314,0,334,0,22,2
1224,314,0,294,0,31,1
1225,315,0,316,0,38,1
1226,315,0,314,0,40,1
1227,315,0,335,0,4,2
1228,315,0,295,0,31,2
1229,316,0,317,0,33,2
1230,316,0,315,0,48,1
1231,316,0,336,0,1,2
1232,316,0,296,0,31,1
1233,317,0,318,0,34,1
1234,317,0,316,0,1,2
1235,317,0,337,0,4,2
1236,317,0,297,0,22,2
1237,318,0,319,0,40,2
1238,318,0,317,0,18,2
1239,318,0,338,0,18,3
1240,318,0,298,0,6,1
1241,319,0,320,0,48,1
1242,319,0,318,0,14,1
1243,319,0,339,0,14,2
1244,319,0,299,0,1,1
1245,320,0,319,0,22,2
1246,320,0,340,0,28,3
1247,320,0,300,0,48,1
1248,321,0,322,0,23,1
1249,321,0,341,0,21,3
1250,321,0,301,0,43,1
1251,322,0,323,0,8,2
1252,322,0,321,0,4,2
1253,322,0,342,0,22,2
1254,322,0,302,0,3,2
1255,323,0,324,0,15,1
1256,323,0,322,0,16,1
1257,323,0,343,0,13,2
1258,323,0,303,0,6,2
1259,324,0,325,0,41,2
1260,324,0,323,0,36,2
1261,324,0,344,0,7,2
1262,324,0,304,0,16,1
1263,325,0,326,0,24,1
1264,325,0,324,0,38,2
1265,325,0,345,0,38,2
1266,325,0,305,0,37,1
1267,326,0,327,0,3,2
1268,326,0,325,0,26,1
1269,326,0,346,0,13,3
1270,326,0,306,0,23,2
1271,327,0,328,0,11,1
1272,327,0,326,0,34,1
1273,327,0,347,0,5,2
1274,327,0,307,0,26,2
1275,328,0,329,0,8,1
1276,328,0,327,0,4,2
1277,328,0,348,0,25,2
1278,328,0,308,0,13,1
1279,329,0,330,0,16,2
1280,329,0,328,0,17,2
1281,329,0,349,0,9,2
1282,329,0,309,0,9,1
1283,330,0,331,0,12,2
1284,330,0,329,0,49,2
1285,330,0,350,0,3,2
1286,330,0,310,0,3,1
1287,331,0,332,0,19,1
1288,331,0,330,0,15,1
1289,331,0,351,0,29,2
1290,331,0,311,0,41,2
1291,332,0,333,0,29,2
1292,332,0,331,0,26,2
1293,332,0,352,0,36,3
1294,332,0,312,0,43,2
1295,333,0,334,0,16,2
1296,333,0,332,0,23,1
1297,333,0,353,0,24,3
1298,333,0,313,0,38,1
1299,334,0,335,0,7,2
1300,334,0,333,0,26,2
1301,334,0,354,0,5,3
1302,334,0,314,0,35,1
1303,335,0,336,0,34,2
1304,335,0,334,0,25,2
1305,335,0,355,0,35,2
1306,335,0,315,0,21,2
1307,336,0,337,0,16,1
1308,336,0,335,0,3,2
1309,336,0,356,0,17,3
1310,336,0,316,0,41,1
1311,337,0,338,0,13,1
1312,337,0,336,0,15,2
1313,337,0,357,0,34,3
1314,337,0,317,0,49,2
1315,338,0,339,0,42,1
1316,338,0,337,0,11,2
1317,338,0,358,0,40,2
1318,338,0,318,0,10,1
1319,339,0,340,0,6,2
1320,339,0,338,0,41,2
1321,339,0,359,0,36,3
1322,339,0,319,0,4,1
1323,340,0,339,0,42,2
1324,340,0,360,0,44,3
1325,340,0,320,0,29,2
1326,341,0,342,0,7,2
1327,341,0,361,0,3,3
1328,341,0,321,0,9,1
1329,342,0,343,0,1,1
1330,342,0,341,0,3,1
1331,342,0,362,0,8,2
1332,342,0,322,0,21,2
1333,343,0,344,0,32,2
1334,343,0,342,0,43,2
1335,343,0,363,0,29,3
1336,343,0,323,0,47,1
1337,344,0,345,0,46,1
1338,344,0,343,0,23,1
1339,344,0,364,0,29,2
1340,344,0,324,0,19,2
1341,345,0,346,0,44,1
1342,345,0,344,0,22,1
1343,345,0,365,0,8,3
1344,345,0,325,0,27,1
1345,346,0,347,0,13,1
1346,346,0,345,0,2,2
1347,346,0,366,0,37,3
1348,346,0,326,0,15,1
1349,347,0,348,0,8,2
1350,347,0,346,0,28,1
1351,347,0,367,0,49,2
1352,347,0,327,0,11,1
1353,348,0,349,0,26,2
1354,348,0,347,0,44,2
1355,348,0,368,0,30,3
1356,348,0,328,0,13,1
1357,349,0,350,0,30,1
1358,349,0,348,0,32,1
1359,349,0,369,0,9,3
1360,349,0,329,0,39,1
1361,350,0,351,0,16,1
1362,350,0,349,0,12,1
1363,350,0,370,0,31,3
1364,350,0,330,0,34,2
1365,351,0,352,0,23,1
1366,351,0,350,0,45,2
1367,351,0,371,0,21,2
1368,351,0,331,0,8,2
1369,352,0,353,0,41,1
1370,352,0,351,0,17,1
1371,352,0,372,0,39,3
1372,352,0,332,0,46,1
1373,353,0,354,0,1,1
1374,353,0,352,0,34,2
1375,353,0,373,0,43,3
1376,353,0,333,0,28,2
1377,354,0,355,0,6,1
1378,354,0,353,0,45,2
1379,354,0,374,0,47,2
1380,354,0,334,0,4,2
1381,355,0,356,0,42,2
1382,355,0,354,0,36,1
1383,355,0,375,0,38,2
1384,355,0,335,0,22,1
1385,356,0,357,0,39,2
1386,356,0,355,0,39,2
1387,356,0,376,0,13,2
1388,356,0,336,0,16,2
1389,357,0,358,0,28,1
1390,357,0,356,0,35,1
1391,357,0,377,0,10,3
1392,357,0,337,0,12,2
1393,358,0,359,0,24,2
1394,358,0,357,0,5,2
1395,358,0,378,0,45,2
1396,358,0,338,0,47,1
1397,359,0,360,0,30,1
1398,359,0,358,0,37,1
1399,359,0,379,0,25,3
1400,359,0,339,0,41,2
1401,360,0,359,0,28,1
1402,360,0,380,0,31,2
1403,360,0,340,0,42,1
1404,361,0,362,0,32,1
1405,361,0,381,0,23,2
1406,361,0,341,0,14,1
1407,362,0,363,0,43,1
1408,362,0,361,0,34,2
1409,362,0,382,0,32,3
1410,362,0,342,0,38,2
1411,363,0,364,0,46,1
1412,363,0,362,0,18,1
1413,363,0,383,0,10,2
1414,363,0,343,0,29,1
1415,364,0,365,0,33,2
1416,364,0,363,0,38,1
1417,364,0,384,0,26,3
1418,364,0,344,0,27,2
1419,365,0,366,0,1,2
1420,365,0,364,0,34,1
1421,365,0,385,0,15,3
1422,365,0,345,0,2,1
1423,366,0,367,0,43,1
1424,366,0,365,0,11,2
1425,366,0,386,0,36,2
1426,366,0,346,0,14,1
1427,367,0,368,0,15,1
1428,367,0,366,0,33,1
1429,367,0,387,0,34,2
1430,367,0,347,0,44,2
1431,368,0,369,0,10,1
1432,368,0,367,0,38,1
1433,368,0,388,0,24,2
1434,368,0,348,0,22,1
1435,369,0,370,0,46,1
1436,369,0,368,0,9,1
1437,369,0,389,0,9,2
1438,369,0,349,0,29,2
1439,370,0,371,0,22,2
1440,370,0,369,0,42,2
1441,370,0,390,0,25,2
1442,370,0,350,0,47,2
1443,371,0,372,0,35,2
1444,371,0,370,0,32,2
1445,371,0,391,0,11,3
1446,371,0,351,0,44,2
1447,372,0,373,0,22,1
1448,372,0,371,0,22,1
1449,372,0,392,0,2,2
1450,372,0,352,0,38,2
1451,373,0,374,0,42,2
1452,373,0,372,0,25,1
1453,373,0,393,0,42,2
1454,373,0,353,0,22,1
1455,374,0,375,0,13,2
1456,374,0,373,0,39,2
1457,374,0,394,0,31,2
1458,374,0,354,0,48,2
1459,375,0,376,0,15,1
1460,375,0,374,0,38,2
1461,375,0,395,0,3,3
1462,375,0,355,0,2,2
1463,376,0,377,0,49,2
1464,376,0,375,0,28,2
1465,376,0,396,0,18,2
1466,376,0,356,0,2,1
1467,377,0,378,0,34,2
1468,377,0,376,0,29,2
1469,377,0,397,0,18,2
1470,377,0,357,0,22,2
1471,378,0,379,0,40,1
1472,378,0,377,0,8,1
1473,378,0,398,0,38,3
1474,378,0,358,0,31,2
1475,379,0,380,0,47,1
1476,379,0,378,0,36,2
1477,379,0,399,0,33,3
1478,379,0,359,0,48,1
1479,380,0,379,0,32,1
1480,380,0,400,0,19,2
1481,380,0,360,0,5,1
1482,381,0,382,0,29,1
1483,381,0,401,0,41,3
1484,381,0,361,0,5,1
1485,382,0,383,0,31,2
1486,382,0,381,0,19,2
1487,382,0,402,0,3,3
1488,382,0,362,0,2,2
1489,383,0,384,0,15,1
1490,383,0,382,0,27,2
1491,383,0,403,0,33,3
1492,383,0,363,0,14,1
1493,384,0,385,0,1,1
1494,384,0,383,0,38,1
1495,384,0,404,0,37,2
1496,384,0,364,0,14,2
1497,385,0,386,0,26,2
1498,385,0,384,0,28,2
1499,385,0,405,0,16,2
1500,385,0,365,0,45,1
1501,386,0,387,0,31,2
1502,386,0,385,0,35,1
1503,386,0,406,0,16,3
1504,386,0,366,0,31,1
1505,387,0,388,0,5,1
1506,387,0,386,0,24,2
1507,387,0,407,0,16,3
1508,387,0,367,0,15,1
1509,388,0,389,0,16,2
1510,388,0,387,0,17,2
1511,388,0,408,0,34,2
1512,388,0,368,0,34,2
1513,389,0,390,0,4,1
1514,389,0,388,0,14,1
1515,389,0,409,0,6,2
1516,389,0,369,0,36,1
1517,390,0,391,0,26,2
1518,390,0,389,0,37,1
1519,390,0,410,0,27,3
1520,390,0,370,0,39,1
1521,391,0,392,0,26,1
1522,391,0,390,0,8,2
1523,391,0,411,0,31,3
1524,391,0,371,0,2,1
1525,392,0,393,0,43,2
1526,392,0,391,0,11,2
1527,392,0,412,0,36,3
1528,392,0,372,0,6,2
1529,393,0,394,0,48,2
1530,393,0,392,0,32,2
1531,393,0,413,0,39,3
1532,393,0,373,0,48,2
1533,394,0,395,0,12,2
1534,394,0,393,0,46,2
1535,394,0,414,0,28,3
1536,394,0,374,0,39,1
1537,395,0,396,0,43,2
1538,395,0,394,0,19,2
1539,395,0,415,0,21,2
1540,395,0,375,0,35,1
1541,396,0,397,0,6,2
1542,396,0,395,0,21,2
1543,396,0,416,0,2,2
1544,396,0,376,0,26,2
1545,397,0,398,0,9,1
1546,397,0,396,0,48,2
1547,397,0,417,0,12,2
1548,397,0,377,0,5,2
1549,398,0,399,0,9,1
1550,398,0,397,0,22,2
1551,398,0,418,0,45,2
1552,398,0,378,0,11,1
1553,399,0,400,0,42,2
1554,399,0,398,0,24,2
1555,399,0,419,0,2,2
1556,399,0,379,0,14,1
1557,400,0,399,0,8,2
1558,400,0,420,0,36,2
1559,400,0,380,0,44,2
1560,401,0,402,0,49,2
1561,401,0,421,0,30,2
1562,401,0,381,0,2,1
1563,402,0,403,0,47,2
1564,402,0,401,0,44,2
1565,402,0,422,0,10,3
1566,402,0,382,0,2,2
1567,403,0,404,0,29,2
1568,403,0,402,0,16,1
1569,403,0,423,0,21,2
1570,403,0,383,0,48,2
1571,404,0,405,0,5,1
1572,404,0,403,0,27,1
1573,404,0,424,0,12,3
1574,404,0,384,0,6,2
1575,405,0,406,0,18,2
1576,405,0,404,0,27,1
1577,405,0,425,0,25,2
1578,405,0,385,0,13,2
1579,406,0,407,0,9,2
1580,406,0,405,0,8,1
1581,406,0,426,0,48,2
1582,406,0,386,0,4,2
1583,407,0,408,0,16,1
1584,407,0,406,0,23,1
1585,407,0,427,0,43,2
1586,407,0,387,0,18,2
1587,408,0,409,0,24,1
1588,408,0,407,0,18,1
1589,408,0,428,0,39,2
1590,408,0,388,0,24,1
1591,409,0,410,0,47,1
1592,409,0,408,0,14,1
1593,409,0,429,0,14,2
1594,409,0,389,0,16,1
1595,410,0,411,0,35,2
1596,410,0,409,0,38,1
1597,410,0,430,0,19,2
1598,410,0,390,0,47,1
1599,411,0,412,0,47,2
1600,411,0,410,0,39,2
1601,411,0,431,0,5,3
1602,411,0,391,0,20,2
1603,412,0,413,0,25,2
1604,412,0,411,0,16,2
1605,412,0,432,0,18,3
1606,412,0,392,0,27,2
1607,413,0,414,0,36,1
1608,413,0,412,0,36,2
1609,413,0,433,0,14,2
1610,413,0,393,0,44,2
1611,414,0,415,0,29,1
1612,414,0,413,0,32,2
1613,414,0,434,0,18,2
1614,414,0,394,0,28,1
1615,415,0,416,0,4,2
1616,415,0,414,0,18,2
1617,415,0,435,0,12,3
1618,415,0,395,0,21,1
1619,416,0,417,0,24,1
1620,416,0,415,0,20,1
1621,416,0,436,0,11,2
1622,416,0,396,0,8,1
1623,417,0,418,0,28,1
1624,417,0,416,0,22,2
1625,417,0,437,0,4,2
1626,417,0,397,0,29,2
1627,418,0,419,0,11,1
1628,418,0,417,0,20,2
1629,418,0,438,0,39,3
1630,418,0,398,0,14,2
1631,419,0,420,0,49,2
1632,419,0,418,0,12,1
1633,419,0,439,0,23,2
1634,419,0,399,0,47,2
1635,420,0,419,0,17,1
1636,420,0,440,0,7,2
1637,420,0,400,0,37,2
1638,421,0,422,0,32,1
1639,421,0,441,0,35,3
1640,421,0,401,0,46,1
1641,422,0,423,0,46,2
1642,422,0,421,0,18,2
1643,422,0,442,0,41,3
1644,422,0,402,0,41,2
1645,423,0,424,0,43,2
1646,423,0,422,0,43,2
1647,423,0,443,0,41,2
1648,423,0,403,0,5,1
1649,424,0,425,0,48,1
1650,424,0,423,0,35,2
1651,424,0,444,0,32,2
1652,424,0,404,0,43,1
1653,425,0,426,0,27,1
1654,425,0,424,0,30,2
1655,425,0,445,0,25,2
1656,425,0,405,0,33,2
1657,426,0,427,0,19,1
1658,426,0,425,0,47,1
1659,426,0,446,0,47,3
1660,426,0,406,0,46,1
1661,427,0,428,0,29,2
1662,427,0,426,0,48,2
1663,427,0,447,0,47,3
1664,427,0,407,0,42,2
1665,428,0,429,0,22,1
1666,428,0,427,0,33,2
1667,428,0,448,0,44,2
1668,428,0,408,0,16,2
1669,429,0,430,0,20,2
1670,429,0,428,0,42,2
1671,429,0,449,0,26,3
1672,429,0,409,0,28,1
1673,430,0,431,0,16,1
1674,430,0,429,0,34,2
1675,430,0,450,0,16,2
1676,430,0,410,0,5,2
1677,431,0,432,0,20,2
1678,431,0,430,0,29,1
1679,431,0,451,0,33,2
1680,431,0,411,0,38,2
1681,432,0,433,0,24,1
1682,432,0,431,0,23,2
1683,432,0,452,0,42,3
1684,432,0,412,0,18,1
1685,433,0,434,0,37,1
1686,433,0,432,0,27,2
1687,433,0,453,0,38,3
1688,433,0,413,0,25,2
1689,434,0,435,0,4,2
1690,434,0,433,0,21,1
1691,434,0,454,0,47,2
1692,434,0,414,0,22,1
1693,435,0,436,0,18,2
1694,435,0,434,0,47,2
1695,435,0,455,0,4,3
1696,435,0,415,0,31,2
1697,436,0,437,0,25,2
1698,436,0,435,0,2,1
1699,436,0,456,0,18,2
1700,436,0,416,0,5,2
1701,437,0,438,0,13,1
1702,437,0,436,0,36,2
1703,437,0,457,0,13,2
1704,437,0,417,0,14,1
1705,438,0,439,0,45,2
1706,438,0,437,0,46,2
1707,438,0,458,0,25,3
1708,438,0,418,0,31,2
1709,439,0,440,0,13,1
1710,439,0,438,0,30,2
1711,439,0,459,0,15,3
1712,439,0,419,0,10,2
1713,440,0,439,0,39,2
1714,440,0,460,0,30,2
1715,440,0,420,0,15,1
1716,441,0,442,0,7,2
1717,441,0,461,0,38,3
1718,441,0,421,0,4,1
1719,442,0,443,0,40,1
1720,442,0,441,0,31,1
1721,442,0,462,0,34,2
1722,442,0,422,0,17,2
1723,443,0,444,0,44,1
1724,443,0,442,0,32,2
1725,443,0,463,0,10,2
1726,443,0,423,0,38,2
1727,444,0,445,0,40,1
1728,444,0,443,0,2,1
1729,444,0,464,0,39,2
1730,444,0,424,0,33,1
1731,445,0,446,0,41,2
1732,445,0,444,0,11,2
1733,445,0,465,0,18,3
1734,445,0,425,0,35,2
1735,446,0,447,0,1,1
1736,446,0,445,0,30,1
1737,446,0,466,0,40,2
1738,446,0,426,0,47,2
1739,447,0,448,0,6,1
1740,447,0,446,0,5,1
1741,447,0,467,0,18,3
1742,447,0,427,0,41,2
1743,448,0,449,0,11,1
1744,448,0,447,0,21,1
1745,448,0,468,0,34,2
1746,448,0,428,0,27,2
1747,449,0,450,0,39,2
1748,449,0,448,0,43,1
1749,449,0,469,0,37,2
1750,449,0,429,0,25,2
1751,450,0,451,0,30,1
1752,450,0,449,0,16,2
1753,450,0,470,0,24,3
1754,450,0,430,0,10,1
1755,451,0,452,0,17,2
1756,451,0,450,0,27,2
1757,451,0,471,0,46,3
1758,451,0,431,0,14,2
1759,452,0,453,0,1,2
1760,452,0,451,0,33,1
1761,452,0,472,0,13,2
1762,452,0,432,0,45,1
1763,453,0,454,0,26,1
1764,453,0,452,0,32,1
1765,453,0,473,0,46,2
1766,453,0,433,0,29,2
1767,454,0,455,0,47,1
1768,454,0,453,0,31,2
1769,454,0,474,0,3,2
1770,454,0,434,0,1,1
1771,455,0,456,0,14,2
1772,455,0,454,0,13,2
1773,455,0,475,0,21,2
1774,455,0,435,0,37,1
1775,456,0,457,0,43,1
1776,456,0,455,0,24,1
1777,456,0,476,0,43,2
1778,456,0,436,0,38,1
1779,457,0,458,0,40,2
1780,457,0,456,0,12,1
1781,457,0,477,0,3,2
1782,457,0,437,0,46,2
1783,458,0,459,0,44,2
1784,458,0,457,0,16,2
1785,458,0,478,0,38,2
1786,458,0,438,0,11,2
1787,459,0,460,0,40,1
1788,459,0,458,0,5,1
1789,459,0,479,0,9,3
1790,459,0,439,0,16,1
1791,460,0,459,0,48,1
1792,460,0,480,0,42,3
1793,460,0,440,0,43,1
1794,461,0,462,0,26,2
1795,461,0,481,0,1,3
1796,461,0,441,0,10,1
1797,462,0,463,0,30,1
1798,462,0,461,0,19,1
1799,462,0,482,0,32,2
1800,462,0,442,0,27,2
1801,463,0,464,0,34,2
1802,463,0,462,0,22,1
1803,463,0,483,0,36,2
1804,463,0,443,0,34,1
1805,464,0,465,0,4,1
1806,464,0,463,0,8,2
1807,464,0,484,0,38,2
1808,464,0,444,0,47,2
1809,465,0,466,0,6,2
1810,465,0,464,0,23,2
1811,465,0,485,0,35,2
1812,465,0,445,0,31,2
1813,466,0,467,0,31,1
1814,466,0,465,0,42,2
1815,466,0,486,0,13,3
1816,466,0,446,0,17,2
1817,467,0,468,0,45,1
1818,467,0,466,0,2,1
1819,467,0,487,0,49,3
1820,467,0,447,0,43,2
1821,468,0,469,0,29,2
1822,468,0,467,0,16,1
1823,468,0,488,0,36,2
1824,468,0,448,0,20,2
1825,469,0,470,0,38,2
1826,469,0,468,0,17,1
1827,469,0,489,0,12,3
1828,469,0,449,0,12,1
1829,470,0,471,0,27,1
1830,470,0,469,0,39,2
1831,470,0,490,0,1,2
1832,470,0,450,0,25,1
1833,471,0,472,0,47,1
1834,471,0,470,0,17,2
1835,471,0,491,0,45,3
1836,471,0,451,0,17,2
1837,472,0,473,0,1,1
1838,472,0,471,0,39,1
1839,472,0,492,0,34,3
1840,472,0,452,0,37,1
1841,473,0,474,0,21,1
1842,473,0,472,0,14,2
1843,473,0,493,0,42,3
1844,473,0,453,0,36,1
1845,474,0,475,0,46,1
1846,474,0,473,0,44,1
1847,474,0,494,0,17,3
1848,474,0,454,0,37,2
1849,475,0,476,0,26,2
1850,475,0,474,0,15,1
1851,475,0,495,0,44,2
1852,475,0,455,0,32,2
1853,476,0,477,0,48,1
1854,476,0,475,0,46,1
1855,476,0,496,0,5,2
1856,476,0,456,0,10,1
1857,477,0,478,0,18,1
1858,477,0,476,0,45,2
1859,477,0,497,0,38,2
1860,477,0,457,0,12,2
1861,478,0,479,0,32,2
1862,478,0,477,0,2,1
1863,478,0,498,0,35,2
1864,478,0,458,0,3,1
1865,479,0,480,0,21,2
1866,479,0,478,0,8,1
1867,479,0,499,0,7,3
1868,479,0,459,0,14,1
1869,480,0,479,0,9,2
1870,480,0,500,0,47,2
1871,480,0,460,0,40,1
1872,481,0,482,0,32,2
1873,481,0,501,0,8,2
1874,481,0,461,0,41,1
1875,482,0,483,0,39,1
1876,482,0,481,0,13,1
1877,482,0,502,0,13,3
1878,482,0,462,0,23,1
1879,483,0,484,0,49,2
1880,483,0,482,0,14,2
1881,483,0,503,0,34,2
1882,483,0,463,0,23,2
1883,484,0,485,0,46,2
1884,484,0,483,0,9,1
1885,484,0,504,0,22,3
1886,484,0,464,0,40,2
1887,485,0,486,0,44,1
1888,485,0,484,0,43,2
1889,485,0,505,0,25,2
1890,485,0,465,0,8,2
1891,486,0,487,0,45,1
1892,486,0,485,0,28,1
1893,486,0,506,0,31,3
1894,486,0,466,0,16,2
1895,487,0,488,0,2,2
1896,487,0,486,0,49,1
1897,487,0,507,0,9,2
1898,487,0,467,0,20,2
1899,488,0,489,0,39,1
1900,488,0,487,0,16,2
1901,488,0,508,0,46,3
1902,488,0,468,0,12,1
1903,489,0,490,0,43,2
1904,489,0,488,0,2,2
1905,489,0,509,0,12,3
1906,489,0,469,0,25,1
1907,490,0,491,0,19,2
1908,490,0,489,0,30,1
1909,490,0,510,0,41,2
1910,490,0,470,0,17,2
1911,491,0,492,0,19,1
1912,491,0,490,0,32,2
1913,491,0,511,0,3,2
1914,491,0,471,0,13,2
1915,492,0,493,0,11,1
1916,492,0,491,0,36,2
1917,492,0,512,0,31,2
1918,492,0,472,0,6,2
1919,493,0,494,0,3,2
1920,493,0,492,0,21,2
1921,493,0,513,0,34,2
1922,493,0,473,0,3,1
1923,494,0,495,0,44,2
1924,494,0,493,0,2,1
1925,494,0,514,0,11,3
1926,494,0,474,0,35,2
1927,495,0,496,0,16,1
1928,495,0,494,0,44,2
1929,495,0,515,0,47,2
1930,495,0,475,0,13,1
1931,496,0,497,0,22,2
1932,496,0,495,0,31,2
1933,496,0,516,0,8,2
1934,496,0,476,0,5,1
1935,497,0,498,0,16,2
1936,497,0,496,0,24,1
1937,497,0,517,0,14,2
1938,497,0,477,0,2,2
1939,498,0,499,0,1,2
1940,498,0,497,0,22,1
1941,498,0,518,0,46,2
1942,498,0,478,0,19,2
1943,499,0,500,0,11,2
1944,499,0,498,0,10,1
1945,499,0,519,0,48,2
1946,499,0,479,0,25,1
1947,500,0,499,0,29,1
1948,500,0,520,0,42,3
1949,500,0,480,0,36,2
1950,501,0,502,0,15,1
1951,501,0,521,0,42,3
1952,501,0,481,0,48,2
1953,502,0,503,0,11,1
1954,502,0,501,0,14,1
1955,502,0,522,0,48,3
1956,502,0,482,0,28,2
1957,503,0,504,0,17,2
1958,503,0,502,0,27,2
1959,503,0,523,0,46,2
1960,503,0,483,0,38,1
1961,504,0,505,0,15,1
1962,504,0,503,0,15,1
1963,504,0,524,0,48,3
1964,504,0,484,0,24,2
1965,505,0,506,0,23,1
1966,505,0,504,0,29,1
1967,505,0,525,0,23,3
1968,505,0,485,0,25,1
1969,506,0,507,0,36,1
1970,506,0,505,0,9,2
1971,506,0,526,0,32,2
1972,506,0,486,0,21,2
1973,507,0,508,0,6,1
1974,507,0,506,0,12,1
1975,507,0,527,0,40,3
1976,507,0,487,0,29,2
1977,508,0,509,0,36,1
1978,508,0,507,0,33,2
1979,508,0,528,0,39,2
1980,508,0,488,0,44,1
1981,509,0,510,0,38,1
1982,509,0,508,0,34,2
1983,509,0,529,0,47,2
1984,509,0,489,0,14,1
1985,510,0,511,0,14,2
1986,510,0,509,0,40,2
1987,510,0,530,0,35,2
1988,510,0,490,0,47,2
1989,511,0,512,0,12,1
1990,511,0,510,0,17,1
1991,511,0,531,0,24,3
1992,511,0,491,0,40,1
1993,512,0,513,0,36,2
1994,512,0,511,0,5,2
1995,512,0,532,0,42,2
1996,512,0,492,0,41,1
1997,513,0,514,0,14,2
1998,513,0,512,0,47,2
1999,513,0,533,0,35,3
2000,513,0,493,0,5,2
2001,514,0,515,0,5,2
2002,514,0,513,0,17,1
2003,514,0,534,0,6,3
2004,514,0,494,0,40,2
2005,515,0,516,0,18,1
2006,515,0,514,0,41,1
2007,515,0,535,0,18,2
2008,515,0,495,0,20,2
2009,516,0,517,0,30,2
2010,516,0,515,0,29,1
2011,516,0,536,0,37,3
2012,516,0,496,0,42,2
2013,517,0,518,0,35,1
2014,517,0,516,0,6,2
2015,517,0,537,0,33,3
2016,517,0,497,0,27,1
2017,518,0,519,0,7,1
2018,518,0,517,0,33,2
2019,518,0,538,0,46,3
2020,518,0,498,0,20,2
2021,519,0,520,0,29,2
2022,519,0,518,0,11,2
2023,519,0,539,0,49,3
2024,519,0,499,0,48,2
2025,520,0,519,0,45,1
2026,520,0,540,0,44,3
2027,520,0,500,0,8,2
2028,521,0,522,0,1,2
2029,521,0,541,0,7,2
2030,521,0,501,0,18,2
2031,522,0,523,0,27,2
2032,522,0,521,0,26,2
2033,522,0,542,0,49,3
2034,522,0,502,0,16,1
2035,523,0,524,0,8,2
2036,523,0,522,0,8,2
2037,523,0,543,0,8,3
2038,523,0,503,0,11,1
2039,524,0,525,0,49,2
2040,524,0,523,0,44,2
2041,524,0,544,0,7,2
2042,524,0,504,0,5,1
2043,525,0,526,0,26,2
2044,525,0,524,0,40,2
2045,525,0,545,0,28,2
2046,525,0,505,0,34,2
2047,526,0,527,0,4,1
2048,526,0,525,0,47,1
2049,526,0,546,0,16,2
2050,526,0,506,0,27,1
2051,527,0,528,0,4,1
2052,527,0,526,0,10,1
2053,527,0,547,0,37,2
2054,527,0,507,0,37,1
2055,528,0,529,0,49,2
2056,528,0,527,0,32,1
2057,528,0,548,0,36,3
2058,528,0,508,0,14,2
2059,529,0,530,0,40,2
2060,529,0,528,0,18,2
2061,529,0,549,0,32,2
2062,529,0,509,0,24,1
2063,530,0,531,0,43,2
2064,530,0,529,0,40,2
2065,530,0,550,0,19,2
2066,530,0,510,0,41,1
2067,531,0,532,0,31,1
2068,531,0,530,0,48,1
2069,531,0,551,0,36,3
2070,531,0,511,0,6,1
2071,532,0,533,0,48,1
2072,532,0,531,0,26,1
2073,532,0,552,0,10,3
2074,532,0,512,0,32,1
2075,533,0,534,0,33,1
2076,533,0,532,0,38,2
2077,533,0,553,0,32,2
2078,533,0,513,0,16,2
2079,534,0,535,0,8,1
2080,534,0,533,0,18,1
2081,534,0,554,0,39,2
2082,534,0,514,0,21,2
2083,535,0,536,0,12,1
2084,535,0,534,0,21,2
2085,535,0,555,0,43,3
2086,535,0,515,0,23,2
2087,536,0,537,0,39,2
2088,536,0,535,0,17,2
2089,536,0,556,0,28,2
2090,536,0,516,0,37,2
2091,537,0,538,0,35,1
2092,537,0,536,0,45,2
2093,537,0,557,0,40,3
2094,537,0,517,0,7,1
2095,538,0,539,0,3,2
2096,538,0,537,0,29,1
2097,538,0,558,0,33,2
2098,538,0,518,0,15,1
2099,539,0,540,0,34,1
2100,539,0,538,0,15,1
2101,539,0,559,0,9,2
2102,539,0,519,0,28,2
2103,540,0,539,0,44,1
2104,540,0,560,0,35,3
2105,540,0,520,0,7,1
2106,541,0,542,0,2,2
2107,541,0,561,0,11,2
2108,541,0,521,0,12,1
2109,542,0,543,0,35,1
2110,542,0,541,0,23,2
2111,542,0,562,0,48,3
2112,542,0,522,0,1,2
2113,543,0,544,0,48,2
2114,543,0,542,0,13,2
2115,543,0,563,0,19,2
2116,543,0,523,0,30,1
2117,544,0,545,0,2,1
2118,544,0,543,0,32,1
2119,544,0,564,0,25,3
2120,544,0,524,0,15,2
2121,545,0,546,0,19,2
2122,545,0,544,0,27,2
2123,545,0,565,0,43,2
2124,545,0,525,0,2,2
2125,546,0,547,0,6,1
2126,546,0,545,0,3,1
2127,546,0,566,0,8,3
2128,546,0,526,0,30,2
2129,547,0,548,0,47,1
2130,547,0,546,0,20,2
2131,547,0,567,0,42,3
2132,547,0,527,0,25,1
2133,548,0,549,0,31,2
2134,548,0,547,0,33,2
2135,548,0,568,0,36,3
2136,548,0,528,0,23,2
2137,549,0,550,0,4,1
2138,549,0,548,0,1,1
2139,549,0,569,0,47,2
2140,549,0,529,0,41,2
2141,550,0,551,0,48,2
2142,550,0,549,0,36,1
2143,550,0,570,0,40,3
2144,550,0,530,0,5,1
2145,551,0,552,0,4,1
2146,551,0,550,0,33,2
2147,551,0,571,0,23,3
2148,551,0,531,0,15,2
2149,552,0,553,0,22,1
2150,552,0,551,0,41,2
2151,552,0,572,0,14,2
2152,552,0,532,0,8,1
2153,553,0,554,0,42,1
2154,553,0,552,0,6,2
2155,553,0,573,0,31,2
2156,553,0,533,0,3,2
2157,554,0,555,0,33,2
2158,554,0,553,0,22,2
2159,554,0,574,0,1,3
2160,554,0,534,0,21,1
2161,555,0,556,0,4,2
2162,555,0,554,0,39,1
2163,555,0,575,0,15,3
2164,555,0,535,0,39,2
2165,556,0,557,0,18,1
2166,556,0,555,0,9,2
2167,556,0,576,0,5,2
2168,556,0,536,0,49,2
2169,557,0,558,0,42,1
2170,557,0,556,0,47,1
2171,557,0,577,0,27,2
2172,557,0,537,0,2,2
2173,558,0,559,0,24,1
2174,558,0,557,0,29,2
2175,558,0,578,0,18,3
2176,558,0,538,0,23,2
2177,559,0,560,0,9,1
2178,559,0,558,0,25,2
2179,559,0,579,0,28,3
2180,559,0,539,0,40,1
2181,560,0,559,0,28,2
2182,560,0,580,0,31,2
2183,560,0,540,0,24,1
2184,561,0,562,0,32,2
2185,561,0,581,0,31,2
2186,561,0,541,0,44,2
2187,562,0,563,0,36,2
2188,562,0,561,0,1,1
2189,562,0,582,0,21,3
2190,562,0,542,0,31,2
2191,563,0,564,0,21,2
2192,563,0,562,0,5,2
2193,563,0,583,0,40,3
2194,563,0,543,0,38,2
2195,564,0,565,0,44,2
2196,564,0,563,0,48,1
2197,564,0,584,0,3,2
2198,564,0,544,0,7,1
2199,565,0,566,0,18,1
2200,565,0,564,0,21,1
2201,565,0,585,0,18,2
2202,565,0,545,0,25,2
2203,566,0,567,0,32,2
2204,566,0,565,0,39,1
2205,566,0,586,0,6,2
2206,566,0,546,0,47,2
2207,567,0,568,0,42,2
2208,567,0,566,0,16,2
2209,567,0,587,0,17,2
2210,567,0,547,0,29,2
2211,568,0,569,0,7,2
2212,568,0,567,0,41,2
2213,568,0,588,0,13,2
2214,568,0,548,0,11,2
2215,569,0,570,0,38,2
2216,569,0,568,0,10,2
2217,569,0,589,0,17,2
2218,569,0,549,0,45,2
2219,570,0,571,0,28,2
2220,570,0,569,0,10,2
2221,570,0,590,0,11,3
2222,570,0,550,0,41,1
2223,571,0,572,0,17,1
2224,571,0,570,0,42,2
2225,571,0,591,0,5,3
2226,571,0,551,0,41,1
2227,572,0,573,0,18,2
2228,572,0,571,0,4,1
2229,572,0,592,0,42,3
2230,572,0,552,0,29,1
2231,573,0,574,0,37,2
2232,573,0,572,0,22,1
2233,573,0,593,0,30,2
2234,573,0,553,0,13,2
2235,574,0,575,0,7,2
2236,574,0,573,0,9,1
2237,574,0,594,0,38,3
2238,574,0,554,0,44,1
2239,575,0,576,0,10,2
2240,575,0,574,0,38,1
2241,575,0,595,0,40,2
2242,575,0,555,0,19,2
2243,576,0,577,0,3,1
2244,576,0,575,0,7,2
2245,576,0,596,0,48,2
2246,576,0,556,0,8,1
2247,577,0,578,0,15,2
2248,577,0,576,0,33,2
2249,577,0,597,0,44,2
2250,577,0,557,0,24,2
2251,578,0,579,0,13,2
2252,578,0,577,0,42,2
2253,578,0,598,0,3,3
2254,578,0,558,0,32,2
2255,579,0,580,0,47,1
2256,579,0,578,0,31,1
2257,579,0,599,0,4,3
2258,579,0,559,0,24,2
2259,580,0,579,0,28,2
2260,580,0,600,0,48,3
2261,580,0,560,0,26,2
2262,581,0,582,0,11,1
2263,581,0,601,0,32,3
2264,581,0,561,0,46,1
2265,582,0,583,0,44,2
2266,582,0,581,0,19,2
2267,582,0,602,0,10,3
2268,582,0,562,0,3,2
2269,583,0,584,0,27,2
2270,583,0,582,0,16,2
2271,583,0,603,0,10,2
2272,583,0,563,0,29,2
2273,584,0,585,0,11,1
2274,584,0,583,0,26,2
2275,584,0,604,0,43,3
2276,584,0,564,0,7,2
2277,585,0,586,0,43,1
2278,585,0,584,0,46,1
2279,585,0,605,0,43,2
2280,585,0,565,0,42,2
2281,586,0,587,0,28,1
2282,586,0,585,0,41,2
2283,586,0,606,0,43,2
2284,586,0,566,0,44,2
2285,587,0,588,0,10,1
2286,587,0,586,0,44,1
2287,587,0,607,0,45,3
2288,587,0,567,0,44,2
2289,588,0,589,0,16,1
2290,588,0,587,0,37,1
2291,588,0,608,0,25,2
2292,588,0,568,0,4,1
2293,589,0,590,0,34,2
2294,589,0,588,0,49,1
2295,589,0,609,0,30,3
2296,589,0,569,0,31,1
2297,590,0,591,0,49,2
2298,590,0,589,0,15,2
2299,590,0,610,0,25,2
2300,590,0,570,0,37,2
2301,591,0,592,0,46,2
2302,591,0,590,0,26,2
2303,591,0,611,0,33,2
2304,591,0,571,0,38,2
2305,592,0,593,0,30,1
2306,592,0,591,0,30,1
2307,592,0,612,0,42,2
2308,592,0,572,0,33,2
2309,593,0,594,0,3,1
2310,593,0,592,0,32,1
2311,593,0,613,0,6,3
2312,593,0,573,0,17,2
2313,594,0,595,0,8,2
2314,594,0,593,0,35,1
2315,594,0,614,0,24,3
2316,594,0,574,0,22,2
2317,595,0,596,0,18,2
2318,595,0,594,0,4,1
2319,595,0,615,0,23,3
2320,595,0,575,0,9,2
2321,596,0,597,0,47,1
2322,596,0,595,0,46,2
2323,596,0,616,0,27,2
2324,596,0,576,0,1,2
2325,597,0,598,0,45,1
2326,597,0,596,0,40,1
2327,597,0,617,0,28,2
2328,597,0,577,0,38,1
2329,598,0,599,0,13,1
2330,598,0,597,0,17,1
2331,598,0,618,0,21,3
2332,598,0,578,0,33,1
2333,599,0,600,0,42,1
2334,599,0,598,0,48,1
2335,599,0,619,0,27,3
2336,599,0,579,0,14,2
2337,600,0,599,0,36,2
2338,600,0,620,0,39,3
2339,600,0,580,0,13,1
2340,601,0,602,0,26,2
2341,601,0,621,0,30,3
2342,601,0,581,0,33,2
2343,602,0,603,0,28,2
2344,602,0,601,0,1,2
2345,602,0,622,0,7,2
2346,602,0,582,0,9,1
2347,603,0,604,0,24,2
2348,603,0,602,0,30,2
2349,603,0,623,0,38,3
2350,603,0,583,0,11,2
2351,604,0,605,0,30,1
2352,604,0,603,0,38,1
2353,604,0,624,0,43,2
2354,604,0,584,0,11,2
2355,605,0,606,0,30,2
2356,605,0,604,0,10,1
2357,605,0,625,0,43,3
2358,605,0,585,0,10,2
2359,606,0,607,0,49,2
2360,606,0,605,0,40,2
2361,606,0,626,0,42,2
2362,606,0,586,0,19,2
2363,607,0,608,0,3,2
2364,607,0,606,0,47,1
2365,607,0,627,0,46,3
2366,607,0,587,0,41,2
2367,608,0,609,0,8,1
2368,608,0,607,0,35,1
2369,608,0,628,0,7,2
2370,608,0,588,0,22,2
2371,609,0,610,0,21,2
2372,609,0,608,0,10,2
2373,609,0,629,0,42,2
2374,609,0,589,0,15,2
2375,610,0,611,0,46,2
2376,610,0,609,0,38,2
2377,610,0,630,0,41,2
2378,610,0,590,0,6,2
2379,611,0,612,0,28,1
2380,611,0,610,0,1,2
2381,611,0,631,0,22,3
2382,611,0,591,0,19,2
2383,612,0,613,0,11,1
2384,612,0,611,0,20,2
2385,612,0,632,0,39,2
2386,612,0,592,0,16,1
2387,613,0,614,0,12,1
2388,613,0,612,0,30,1
2389,613,0,633,0,27,2
2390,613,0,593,0,45,2
2391,614,0,615,0,4,1
2392,614,0,613,0,1,2
2393,614,0,634,0,41,3
2394,614,0,594,0,26,1
2395,615,0,616,0,28,1
2396,615,0,614,0,10,2
2397,615,0,635,0,31,2
2398,615,0,595,0,38,2
2399,616,0,617,0,12,2
2400,616,0,615,0,40,2
2401,616,0,636,0,16,2
2402,616,0,596,0,42,2
2403,617,0,618,0,47,1
2404,617,0,616,0,25,1
2405,617,0,637,0,22,2
2406,617,0,597,0,24,2
2407,618,0,619,0,8,1
2408,618,0,617,0,6,2
2409,618,0,638,0,28,3
2410,618,0,598,0,1,1
2411,619,0,620,0,2,1
2412,619,0,618,0,31,1
2413,619,0,639,0,15,2
2414,619,0,599,0,20,1
2415,620,0,619,0,13,2
2416,620,0,640,0,42,3
2417,620,0,600,0,27,2
2418,621,0,622,0,10,2
2419,621,0,641,0,42,3
2420,621,0,601,0,16,1
2421,622,0,623,0,16,2
2422,622,0,621,0,33,1
2423,622,0,642,0,41,3
2424,622,0,602,0,7,1
2425,623,0,624,0,15,2
2426,623,0,622,0,38,2
2427,623,0,643,0,6,2
2428,623,0,603,0,4,1
2429,624,0,625,0,15,1
2430,624,0,623,0,23,2
2431,624,0,644,0,13,3
2432,624,0,604,0,14,1
2433,625,0,626,0,45,2
2434,625,0,624,0,38,1
2435,625,0,645,0,41,2
2436,625,0,605,0,13,1
2437,626,0,627,0,27,1
2438,626,0,625,0,16,2
2439,626,0,646,0,31,2
2440,626,0,606,0,48,1
2441,627,0,628,0,41,1
2442,627,0,626,0,25,1
2443,627,0,647,0,42,2
2444,627,0,607,0,10,2
2445,628,0,629,0,13,1
2446,628,0,627,0,27,2
2447,628,0,648,0,44,2
2448,628,0,608,0,31,2
2449,629,0,630,0,4,1
2450,629,0,628,0,32,2
2451,629,0,649,0,42,2
2452,629,0,609,0,13,2
2453,630,0,631,0,11,1
2454,630,0,629,0,34,1
2455,630,0,650,0,15,2
2456,630,0,610,0,3,2
2457,631,0,632,0,32,1
2458,631,0,630,0,28,2
2459,631,0,651,0,13,3
2460,631,0,611,0,45,2
2461,632,0,633,0,27,1
2462,632,0,631,0,19,2
2463,632,0,652,0,19,3
2464,632,0,612,0,20,2
2465,633,0,634,0,38,2
2466,633,0,632,0,10,2
2467,633,0,653,0,31,2
2468,633,0,613,0,44,1
2469,634,0,635,0,49,1
2470,634,0,633,0,43,1
2471,634,0,654,0,15,3
2472,634,0,614,0,8,2
2473,635,0,636,0,21,2
2474,635,0,634,0,5,1
2475,635,0,655,0,40,2
2476,635,0,615,0,6,2
2477,636,0,637,0,26,2
2478,636,0,635,0,4,1
2479,636,0,656,0,32,2
2480,636,0,616,0,31,2
2481,637,0,638,0,37,1
2482,637,0,636,0,1,2
2483,637,0,657,0,36,2
2484,637,0,617,0,40,2
2485,638,0,639,0,45,2
2486,638,0,637,0,24,2
2487,638,0,658,0,33,2
2488,638,0,618,0,25,2
2489,639,0,640,0,32,1
2490,639,0,638,0,32,2
2491,639,0,659,0,45,2
2492,639,0,619,0,25,1
2493,640,0,639,0,7,2
2494,640,0,660,0,16,2
2495,640,0,620,0,39,2
2496,641,0,642,0,30,2
2497,641,0,661,0,12,2
2498,641,0,621,0,49,2
2499,642,0,643,0,31,2
2500,642,0,641,0,7,1
2501,642,0,662,0,24,3
2502,642,0,622,0,35,1
2503,643,0,644,0,44,1
2504,643,0,642,0,7,2
2505,643,0,663,0,30,2
2506,643,0,623,0,41,2
2507,644,0,645,0,39,1
2508,644,0,643,0,46,1
2509,644,0,664,0,29,3
2510,644,0,624,0,3,2
2511,645,0,646,0,31,1
2512,645,0,644,0,41,2
2513,645,0,665,0,19,2
2514,645,0,625,0,39,1
2515,646,0,647,0,16,1
2516,646,0,645,0,23,2
2517,646,0,666,0,5,2
2518,646,0,626,0,20,1
2519,647,0,648,0,21,2
2520,647,0,646,0,29,1
2521,647,0,667,0,29,2
2522,647,0,627,0,25,2
2523,648,0,649,0,29,1
2524,648,0,647,0,31,1
2525,648,0,668,0,17,2
2526,648,0,628,0,10,2
2527,649,0,650,0,37,1
2528,649,0,648,0,13,1
2529,649,0,669,0,10,2
2530,649,0,629,0,23,1
2531,650,0,651,0,49,2
2532,650,0,649,0,34,1
2533,650,0,670,0,32,2
2534,650,0,630,0,32,1
2535,651,0,652,0,49,1
2536,651,0,650,0,33,2
2537,651,0,671,0,13,2
2538,651,0,631,0,44,1
2539,652,0,653,0,37,2
2540,652,0,651,0,4,2
2541,652,0,672,0,24,3
2542,652,0,632,0,42,2
2543,653,0,654,0,28,2
2544,653,0,652,0,41,1
2545,653,0,673,0,25,2
2546,653,0,633,0,16,2
2547,654,0,655,0,46,2
2548,654,0,653,0,25,2
2549,654,0,674,0,22,3
2550,654,0,634,0,19,1
2551,655,0,656,0,28,1
2552,655,0,654,0,30,2
2553,655,0,675,0,24,3
2554,655,0,635,0,9,1
2555,656,0,657,0,27,1
2556,656,0,655,0,38,2
2557,656,0,676,0,2,2
2558,656,0,636,0,28,1
2559,657,0,658,0,39,2
2560,657,0,656,0,10,2
2561,657,0,677,0,17,3
2562,657,0,637,0,6,1
2563,658,0,659,0,44,2
2564,658,0,657,0,41,1
2565,658,0,678,0,14,2
2566,658,0,638,0,19,1
2567,659,0,660,0,13,2
2568,659,0,658,0,21,2
2569,659,0,679,0,4,2
2570,659,0,639,0,14,2
2571,660,0,659,0,1,2
2572,660,0,680,0,26,2
2573,660,0,640,0,46,2
2574,661,0,662,0,45,1
2575,661,0,681,0,3,2
2576,661,0,641,0,33,1
2577,662,0,663,0,22,2
2578,662,0,661,0,20,2
2579,662,0,682,0,22,2
2580,662,0,642,0,33,2
2581,663,0,664,0,42,2
2582,663,0,662,0,25,1
2583,663,0,683,0,35,2
2584,663,0,643,0,28,1
2585,664,0,665,0,10,2
2586,664,0,663,0,42,1
2587,664,0,684,0,48,2
2588,664,0,644,0,39,1
2589,665,0,666,0,41,2
2590,665,0,664,0,19,2
2591,665,0,685,0,43,2
2592,665,0,645,0,25,2
2593,666,0,667,0,9,1
2594,666,0,665,0,13,1
2595,666,0,686,0,37,2
2596,666,0,646,0,6,2
2597,667,0,668,0,21,1
2598,667,0,666,0,5,1
2599,667,0,687,0,28,2
2600,667,0,647,0,35,1
2601,668,0,669,0,32,2
2602,668,0,667,0,26,1
2603,668,0,688,0,20,3
2604,668,0,648,0,20,1
2605,669,0,670,0,25,2
2606,669,0,668,0,19,2
2607,669,0,689,0,35,2
2608,669,0,649,0,17,2
2609,670,0,671,0,24,1
2610,670,0,669,0,3,1
2611,670,0,690,0,26,3
2612,670,0,650,0,37,1
2613,671,0,672,0,31,2
2614,671,0,670,0,37,2
2615,671,0,691,0,13,3
2616,671,0,651,0,46,2
2617,672,0,673,0,31,1
2618,672,0,671,0,24,1
2619,672,0,692,0,4,2
2620,672,0,652,0,24,1
2621,673,0,674,0,12,2
2622,673,0,672,0,30,1
2623,673,0,693,0,25,3
2624,673,0,653,0,1,1
2625,674,0,675,0,16,1
2626,674,0,673,0,35,1
2627,674,0,694,0,13,2
2628,674,0,654,0,3,1
2629,675,0,676,0,32,1
2630,675,0,674,0,9,1
2631,675,0,695,0,6,3
2632,675,0,655,0,3,2
2633,676,0,677,0,33,1
2634,676,0,675,0,11,2
2635,676,0,696,0,17,3
2636,676,0,656,0,33,1
2637,677,0,678,0,35,2
2638,677,0,676,0,34,2
2639,677,0,697,0,14,3
2640,677,0,657,0,25,2
2641,678,0,679,0,4,1
2642,678,0,677,0,1,1
2643,678,0,698,0,36,2
2644,678,0,658,0,16,1
2645,679,0,680,0,28,1
2646,679,0,678,0,27,2
2647,679,0,699,0,28,3
2648,679,0,659,0,13,2
2649,680,0,679,0,41,2
2650,680,0,700,0,27,3
2651,680,0,660,0,14,1
2652,681,0,682,0,20,2
2653,681,0,701,0,42,3
2654,681,0,661,0,44,2
2655,682,0,683,0,48,1
2656,682,0,681,0,7,2
2657,682,0,702,0,28,3
2658,682,0,662,0,18,2
2659,683,0,684,0,33,1
2660,683,0,682,0,33,1
2661,683,0,703,0,2,2
2662,683,0,663,0,41,1
2663,684,0,685,0,34,2
2664,684,0,683,0,45,2
2665,684,0,704,0,6,3
2666,684,0,664,0,41,2
2667,685,0,686,0,2,1
2668,685,0,684,0,39,1
2669,685,0,705,0,12,3
2670,685,0,665,0,15,1
2671,686,0,687,0,39,2
2672,686,0,685,0,8,2
2673,686,0,706,0,47,2
2674,686,0,666,0,26,1
2675,687,0,688,0,37,2
2676,687,0,686,0,17,1
2677,687,0,707,0,7,3
2678,687,0,667,0,28,1
2679,688,0,689,0,2,1
2680,688,0,687,0,39,2
2681,688,0,708,0,9,2
2682,688,0,668,0,30,1
2683,689,0,690,0,20,2
2684,689,0,688,0,18,2
2685,689,0,709,0,24,3
2686,689,0,669,0,8,2
2687,690,0,691,0,21,1
2688,690,0,689,0,20,2
2689,690,0,710,0,6,3
2690,690,0,670,0,46,1
2691,691,0,692,0,43,1
2692,691,0,690,0,13,2
2693,691,0,711,0,25,3
2694,691,0,671,0,38,1
2695,692,0,693,0,33,2
2696,692,0,691,0,15,2
2697,692,0,712,0,15,2
2698,692,0,672,0,12,1
2699,693,0,694,0,33,1
2700,693,0,692,0,19,2
2701,693,0,713,0,4,2
2702,693,0,673,0,18,2
2703,694,0,695,0,40,2
2704,694,0,693,0,15,1
2705,694,0,714,0,13,2
2706,694,0,674,0,46,2
2707,695,0,696,0,24,2
2708,695,0,694,0,42,2
2709,695,0,715,0,35,2
2710,695,0,675,0,11,2
2711,696,0,697,0,20,2
2712,696,0,695,0,10,2
2713,696,0,716,0,27,2
2714,696,0,676,0,1,2
2715,697,0,698,0,37,2
2716,697,0,696,0,8,1
2717,697,0,717,0,16,3
2718,697,0,677,0,19,2
2719,698,0,699,0,2,1
2720,698,0,697,0,7,1
2721,698,0,718,0,33,2
2722,698,0,678,0,28,1
2723,699,0,700,0,27,1
2724,699,0,698,0,1,1
2725,699,0,719,0,43,2
2726,699,0,679,0,42,2
2727,700,0,699,0,18,2
2728,700,0,720,0,22,3
2729,700,0,680,0,10,2
2730,701,0,702,0,20,1
2731,701,0,721,0,26,2
2732,701,0,681,0,41,1
2733,702,0,703,0,32,1
2734,702,0,701,0,15,1
2735,702,0,722,0,23,2
2736,702,0,682,0,26,2
2737,703,0,704,0,39,1
2738,703,0,702,0,17,1
2739,703,0,723,0,12,3
2740,703,0,683,0,28,2
2741,704,0,705,0,29,2
2742,704,0,703,0,24,2
2743,704,0,724,0,38,3
2744,704,0,684,0,12,1
2745,705,0,706,0,22,2
2746,705,0,704,0,27,1
2747,705,0,725,0,18,3
2748,705,0,685,0,12,2
2749,706,0,707,0,4,2
2750,706,0,705,0,8,2
2751,706,0,726,0,10,2
2752,706,0,686,0,8,2
2753,707,0,708,0,29,1
2754,707,0,706,0,25,2
2755,707,0,727,0,19,3
2756,707,0,687,0,33,1
2757,708,0,709,0,49,1
2758,708,0,707,0,37,1
2759,708,0,728,0,49,2
2760,708,0,688,0,23,1
2761,709,0,710,0,20,2
2762,709,0,708,0,5,2
2763,709,0,729,0,6,2
2764,709,0,689,0,3,2
2765,710,0,711,0,1,2
2766,710,0,709,0,26,1
2767,710,0,730,0,34,3
2768,710,0,690,0,37,2
2769,711,0,712,0,3,1
2770,711,0,710,0,16,1
2771,711,0,731,0,40,3
2772,711,0,691,0,32,1
2773,712,0,713,0,12,1
2774,712,0,711,0,19,2
2775,712,0,732,0,40,2
2776,712,0,692,0,14,2
2777,713,0,714,0,9,1
2778,713,0,712,0,5,2
2779,713,0,733,0,4,3
2780,713,0,693,0,15,1
2781,714,0,715,0,10,2
2782,714,0,713,0,17,1
2783,714,0,734,0,34,3
2784,714,0,694,0,18,1
2785,715,0,716,0,5,2
2786,715,0,714,0,37,1
2787,715,0,735,0,8,3
2788,715,0,695,0,6,1
2789,716,0,717,0,1,1
2790,716,0,715,0,29,1
2791,716,0,736,0,47,3
2792,716,0,696,0,49,2
2793,717,0,718,0,22,2
2794,717,0,716,0,23,1
2795,717,0,737,0,20,3
2796,717,0,697,0,49,2
2797,718,0,719,0,49,1
2798,718,0,717,0,2,2
2799,718,0,738,0,17,3
2800,718,0,698,0,40,2
2801,719,0,720,0,26,2
2802,719,0,718,0,22,1
2803,719,0,739,0,39,2
2804,719,0,699,0,11,2
2805,720,0,719,0,23,1
2806,720,0,740,0,39,2
2807,720,0,700,0,46,2
2808,721,0,722,0,8,1
2809,721,0,741,0,1,3
2810,721,0,701,0,14,2
2811,722,0,723,0,35,2
2812,722,0,721,0,1,2
2813,722,0,742,0,46,2
2814,722,0,702,0,40,2
2815,723,0,724,0,36,2
2816,723,0,722,0,23,1
2817,723,0,743,0,20,2
2818,723,0,703,0,36,1
2819,724,0,725,0,49,1
2820,724,0,723,0,9,2
2821,724,0,744,0,20,3
2822,724,0,704,0,30,1
2823,725,0,726,0,48,1
2824,725,0,724,0,44,2
2825,725,0,745,0,42,2
2826,725,0,705,0,38,1
2827,726,0,727,0,45,1
2828,726,0,725,0,21,2
2829,726,0,746,0,17,3
2830,726,0,706,0,10,2
2831,727,0,728,0,20,2
2832,727,0,726,0,9,2
2833,727,0,747,0,34,3
2834,727,0,707,0,7,2
2835,728,0,729,0,28,2
2836,728,0,727,0,6,1
2837,728,0,748,0,27,2
2838,728,0,708,0,49,1
2839,729,0,730,0,21,2
2840,729,0,728,0,32,2
2841,729,0,749,0,15,2
2842,729,0,709,0,7,1
2843,730,0,731,0,14,2
2844,730,0,729,0,34,1
2845,730,0,750,0,26,2
2846,730,0,710,0,48,2
2847,731,0,732,0,16,1
2848,731,0,730,0,29,2
2849,731,0,751,0,44,3
2850,731,0,711,0,45,1
2851,732,0,733,0,20,1
2852,732,0,731,0,7,2
2853,732,0,752,0,11,3
2854,732,0,712,0,40,2
2855,733,0,734,0,9,1
2856,733,0,732,0,42,1
2857,733,0,753,0,19,2
2858,733,0,713,0,48,2
2859,734,0,735,0,44,2
2860,734,0,733,0,26,1
2861,734,0,754,0,44,2
2862,734,0,714,0,11,2
2863,735,0,736,0,2,1
2864,735,0,734,0,27,1
2865,735,0,755,0,14,3
2866,735,0,715,0,5,2
2867,736,0,737,0,28,2
2868,736,0,735,0,26,2
2869,736,0,756,0,15,3
2870,736,0,716,0,20,2
2871,737,0,738,0,29,2
2872,737,0,736,0,11,1
2873,737,0,757,0,34,2
2874,737,0,717,0,35,1
2875,738,0,739,0,5,1
2876,738,0,737,0,39,1
2877,738,0,758,0,22,2
2878,738,0,718,0,29,1
2879,739,0,740,0,8,2
2880,739,0,738,0,46,2
2881,739,0,759,0,9,3
2882,739,0,719,0,25,2
2883,740,0,739,0,23,1
2884,740,0,760,0,23,2
2885,740,0,720,0,11,2
2886,741,0,742,0,33,2
2887,741,0,761,0,18,2
2888,741,0,721,0,1,2
2889,742,0,743,0,5,1
2890,742,0,741,0,21,2
2891,742,0,762,0,23,2
2892,742,0,722,0,29,1
2893,743,0,744,0,33,2
2894,743,0,742,0,48,2
2895,743,0,763,0,44,3
2896,743,0,723,0,29,1
2897,744,0,745,0,23,2
2898,744,0,743,0,9,1
2899,744,0,764,0,19,2
2900,744,0,724,0,31,2
2901,745,0,746,0,21,2
2902,745,0,744,0,9,1
2903,745,0,765,0,47,2
2904,745,0,725,0,35,2
2905,746,0,747,0,11,2
2906,746,0,745,0,41,2
2907,746,0,766,0,43,3
2908,746,0,726,0,38,1
2909,747,0,748,0,21,1
2910,747,0,746,0,14,1
2911,747,0,767,0,1,2
2912,747,0,727,0,25,1
2913,748,0,749,0,21,2
2914,748,0,747,0,4,1
2915,748,0,768,0,5,3
2916,748,0,728,0,22,2
2917,749,0,750,0,48,1
2918,749,0,748,0,35,1
2919,749,0,769,0,3,2
2920,749,0,729,0,38,1
2921,750,0,751,0,29,1
2922,750,0,749,0,28,2
2923,750,0,770,0,40,3
2924,750,0,730,0,30,1
2925,751,0,752,0,9,1
2926,751,0,750,0,27,1
2927,751,0,771,0,5,3
2928,751,0,731,0,23,1
2929,752,0,753,0,42,1
2930,752,0,751,0,44,1
2931,752,0,772,0,47,2
2932,752,0,732,0,12,1
2933,753,0,754,0,23,1
2934,753,0,752,0,43,1
2935,753,0,773,0,20,2
2936,753,0,733,0,44,1
2937,754,0,755,0,26,2
2938,754,0,753,0,34,2
2939,754,0,774,0,2,3
2940,754,0,734,0,32,2
2941,755,0,756,0,32,1
2942,755,0,754,0,13,2
2943,755,0,775,0,39,2
2944,755,0,735,0,32,2
2945,756,0,757,0,17,1
2946,756,0,755,0,13,1
2947,756,0,776,0,3,3
2948,756,0,736,0,44,2
2949,757,0,758,0,5,1
2950,757,0,756,0,10,1
2951,757,0,777,0,37,3
2952,757,0,737,0,13,2
2953,758,0,759,0,2,1
2954,758,0,757,0,23,2
2955,758,0,778,0,16,2
2956,758,0,738,0,49,1
2957,759,0,760,0,20,1
2958,759,0,758,0,46,1
2959,759,0,779,0,28,3
2960,759,0,739,0,32,1
2961,760,0,759,0,41,2
2962,760,0,780,0,6,3
2963,760,0,740,0,34,1
2964,761,0,762,0,26,2
2965,761,0,781,0,6,2
2966,761,0,741,0,9,2
2967,762,0,763,0,13,1
2968,762,0,761,0,10,1
2969,762,0,782,0,49,2
2970,762,0,742,0,22,2
2971,763,0,764,0,35,1
2972,763,0,762,0,33,1
2973,763,0,783,0,49,2
2974,763,0,743,0,49,1
2975,764,0,765,0,31,2
2976,764,0,763,0,38,2
2977,764,0,784,0,22,3
2978,764,0,744,0,18,2
2979,765,0,766,0,8,1
2980,765,0,764,0,34,2
2981,765,0,785,0,19,2
2982,765,0,745,0,41,2
2983,766,0,767,0,48,1
2984,766,0,765,0,5,2
2985,766,0,786,0,26,3
2986,766,0,746,0,30,1
2987,767,0,768,0,35,2
2988,767,0,766,0,12,1
2989,767,0,787,0,4,2
2990,767,0,747,0,36,1
2991,768,0,769,0,2,2
2992,768,0,767,0,22,1
2993,768,0,788,0,29,3
2994,768,0,748,0,37,2
2995,769,0,770,0,32,2
2996,769,0,768,0,29,1
2997,769,0,789,0,15,2
2998,769,0,749,0,21,2
2999,770,0,771,0,29,2
3000,770,0,769,0,20,1
3001,770,0,790,0,42,3
3002,770,0,750,0,1,1
3003,771,0,772,0,48,2
3004,771,0,770,0,44,2
3005,771,0,791,0,4,2
3006,771,0,751,0,40,1
3007,772,0,773,0,8,1
3008,772,0,771,0,1,2
3009,772,0,792,0,10,3
3010,772,0,752,0,1,1
3011,773,0,774,0,25,2
3012,773,0,772,0,29,1
3013,773,0,793,0,45,2
3014,773,0,753,0,17,2
3015,774,0,775,0,27,2
3016,774,0,773,0,4,1
3017,774,0,794,0,4,3
3018,774,0,754,0,23,1
3019,775,0,776,0,9,2
3020,775,0,774,0,24,1
3021,775,0,795,0,39,3
3022,775,0,755,0,34,2
3023,776,0,777,0,16,1
3024,776,0,775,0,35,2
3025,776,0,796,0,18,3
3026,776,0,756,0,18,2
3027,777,0,778,0,34,2
3028,777,0,776,0,7,1
3029,777,0,797,0,16,2
3030,777,0,757,0,19,1
3031,778,0,779,0,12,2
3032,778,0,777,0,9,1
3033,778,0,798,0,22,2
3034,778,0,758,0,30,1
3035,779,0,780,0,2,2
3036,779,0,778,0,1,1
3037,779,0,799,0,23,3
3038,779,0,759,0,30,2
3039,780,0,779,0,32,2
3040,780,0,800,0,44,2
3041,780,0,760,0,6,1
3042,781,0,782,0,46,1
3043,781,0,761,0,26,2
3044,782,0,783,0,37,1
3045,782,0,781,0,13,1
3046,782,0,762,0,8,2
3047,783,0,784,0,31,1
3048,783,0,782,0,37,1
3049,783,0,763,0,39,1
3050,784,0,785,0,8,2
3051,784,0,783,0,34,2
3052,784,0,764,0,14,2
3053,785,0,786,0,5,1
3054,785,0,784,0,25,1
3055,785,0,765,0,18,1
3056,786,0,787,0,26,2
3057,786,0,785,0,25,1
3058,786,0,766,0,43,1
3059,787,0,788,0,31,2
3060,787,0,786,0,12,1
3061,787,0,767,0,3,1
3062,788,0,789,0,42,1
3063,788,0,787,0,1,1
3064,788,0,768,0,42,2
3065,789,0,790,0,12,1
3066,789,0,788,0,22,2
3067,789,0,769,0,15,2
3068,790,0,791,0,42,2
3069,790,0,789,0,42,2
3070,790,0,770,0,24,2
3071,791,0,792,0,3,2
3072,791,0,790,0,46,1
3073,791,0,771,0,47,1
3074,792,0,793,0,20,2
3075,792,0,791,0,9,2
3076,792,0,772,0,21,2
3077,793,0,794,0,34,2
3078,793,0,792,0,5,2
3079,793,0,773,0,1,2
3080,794,0,795,0,3,1
3081,794,0,793,0,5,2
3082,794,0,774,0,9,2
3083,795,0,796,0,46,1
3084,795,0,794,0,10,2
3085,795,0,775,0,41,2
3086,796,0,797,0,17,1
3087,796,0,795,0,24,1
3088,796,0,776,0,39,1
3089,797,0,798,0,37,1
3090,797,0,796,0,10,2
3091,797,0,777,0,19,1
3092,798,0,799,0,40,1
3093,798,0,797,0,7,2
3094,798,0,778,0,16,2
3095,799,0,800,0,44,1
3096,799,0,798,0,48,2
3097,799,0,779,0,6,2
3098,800,0,799,0,21,1
3099,800,0,780,0,28,2
3100,781,0,801,0,100,999
3101,782,0,801,0,100,999
3102,783,0,801,0,100,999
3103,784,0,801,0,100,999
3104,785,0,801,0,100,999
3105,786,0,801,0,100,999
3106,787,0,801,0,100,999
3107,788,0,801,0,100,999
3108,789,0,801,0,100,999
3109,790,0,801,0,100,999
3110,791,0,801,0,100,999
3111,792,0,801,0,100,999
3112,793,0,801,0,100,999
3113,794,0,801,0,100,999
3114,795,0,801,0,100,999
3115,796,0,801,0,100,999
3116,797,0,801,0,100,999
3117,798,0,801,0,100,999
3118,799,0,801,0,100,999
3119,800,0,801,0,100,999
